rank,title,year,citations,authors,venue,doi,domains,source_api,link,score
1,CasADi: a software framework for nonlinear optimization and optimal control,2019,3458,Joel A. E. Andersson; Joris Gillis; Greg Horn; James B. Rawlings; Moritz Diehl,Mathematical Programming Computation,10.1007/s12532-018-0139-4,linear_programming|integer_programming|combinatorial_optimization|stochastic_or|dynamic_programming|nonlinear_convex|metaheuristics|multiobjective|game_theory_or|inventory_supply_chain|queuing_simulation|constraint_programming|ml_or_hybrid|or_foundations_survey,crossref,https://doi.org/10.1007/s12532-018-0139-4,9.319
2,On the implementation of an interior-point filter line-search algorithm for large-scale nonlinear programming,2006,8115,Andreas Wächter; Lorenz T. Biegler,Mathematical Programming,10.1007/s10107-004-0559-y,linear_programming|integer_programming|network_flows|stochastic_or|dynamic_programming|nonlinear_convex|metaheuristics|multiobjective|constraint_programming|graph_or|cutting_packing|or_foundations_survey,crossref,https://doi.org/10.1007/s10107-004-0559-y,8.966
3,Distributed Optimization and Statistical Learning via the Alternating Direction Method of Multipliers,2011,14599,Stephen Boyd; Neal Parikh; Eric Chu; Borja Peleato; Jonathan Eckstein,Foundations and Trends® in Machine Learning,10.1561/2200000016,linear_programming|combinatorial_optimization|scheduling|stochastic_or|dynamic_programming|nonlinear_convex|metaheuristics|multiobjective|game_theory_or|inventory_supply_chain|queuing_simulation|ml_or_hybrid,crossref,https://doi.org/10.1561/2200000016,8.883
4,Differential Evolution – A Simple and Efficient Heuristic for global Optimization over Continuous Spaces,1997,24700,Rainer Storn; Kenneth Price,Journal of Global Optimization,10.1023/a:1008202821328,combinatorial_optimization|stochastic_or|dynamic_programming|nonlinear_convex|metaheuristics|multiobjective|game_theory_or|inventory_supply_chain|queuing_simulation|ml_or_hybrid,crossref,https://doi.org/10.1023/a:1008202821328,8.796
5,Data-driven distributionally robust optimization using the Wasserstein metric: performance guarantees and tractable reformulations,2018,1472,Peyman Mohajerin Esfahani; Daniel Kuhn,Mathematical Programming,10.1007/s10107-017-1172-1,linear_programming|integer_programming|combinatorial_optimization|stochastic_or|dynamic_programming|nonlinear_convex|metaheuristics|multiobjective|inventory_supply_chain|queuing_simulation|constraint_programming,crossref,https://doi.org/10.1007/s10107-017-1172-1,8.176
6,On the limited memory BFGS method for large scale optimization,1989,6680,Dong C. Liu; Jorge Nocedal,Mathematical Programming,10.1007/bf01589116,linear_programming|integer_programming|combinatorial_optimization|stochastic_or|dynamic_programming|nonlinear_convex|metaheuristics|multiobjective|game_theory_or|inventory_supply_chain|queuing_simulation|constraint_programming|ml_or_hybrid|or_foundations_survey,crossref,https://doi.org/10.1007/bf01589116,8.140
7,Convergence Properties of the Nelder--Mead Simplex Method in Low Dimensions,1998,5989,Jeffrey C. Lagarias; James A. Reeds; Margaret H. Wright; Paul E. Wright,SIAM Journal on Optimization,10.1137/s1052623496303470,linear_programming|combinatorial_optimization|stochastic_or|dynamic_programming|nonlinear_convex|metaheuristics|multiobjective|game_theory_or|inventory_supply_chain|queuing_simulation|ml_or_hybrid,crossref,https://doi.org/10.1137/s1052623496303470,8.088
8,Benchmarking optimization software with performance profiles,2002,3577,Elizabeth D. Dolan; Jorge J. Moré,Mathematical Programming,10.1007/s101070100263,linear_programming|integer_programming|combinatorial_optimization|stochastic_or|dynamic_programming|nonlinear_convex|metaheuristics|multiobjective|inventory_supply_chain|queuing_simulation|constraint_programming|or_foundations_survey,crossref,https://doi.org/10.1007/s101070100263,7.968
9,Machine learning for combinatorial optimization: A methodological tour d’horizon,2021,1146,Yoshua Bengio; Andrea Lodi; Antoine Prouvost,European Journal of Operational Research,10.1016/j.ejor.2020.07.063,combinatorial_optimization|nonlinear_convex|metaheuristics|multiobjective|game_theory_or|ml_or_hybrid,crossref,https://doi.org/10.1016/j.ejor.2020.07.063,7.922
10,Optimization by Simulated Annealing,1983,33952,S. Kirkpatrick; C. D. Gelatt; M. P. Vecchi,Science,10.1126/science.220.4598.671,combinatorial_optimization|stochastic_or|dynamic_programming|nonlinear_convex|metaheuristics|multiobjective|game_theory_or|inventory_supply_chain|queuing_simulation|ml_or_hybrid,crossref,https://doi.org/10.1126/science.220.4598.671,7.857
11,Measuring the efficiency of decision making units,1978,21790,A. Charnes; W.W. Cooper; E. Rhodes,European Journal of Operational Research,10.1016/0377-2217(78)90138-8,dynamic_programming|or_foundations_survey,crossref,https://doi.org/10.1016/0377-2217(78)90138-8,7.690
12,OSQP: an operator splitting solver for quadratic programs,2020,1034,Bartolomeo Stellato; Goran Banjac; Paul Goulart; Alberto Bemporad; Stephen Boyd,Mathematical Programming Computation,10.1007/s12532-020-00179-2,linear_programming|integer_programming|stochastic_or|dynamic_programming|nonlinear_convex|multiobjective|constraint_programming,crossref,https://doi.org/10.1007/s12532-020-00179-2,7.665
13,A New Heuristic Optimization Algorithm: Harmony Search,2001,5189,Zong Woo Geem; Joong Hoon Kim; G.V. Loganathan,SIMULATION,10.1177/003754970107600201,combinatorial_optimization|network_flows|stochastic_or|dynamic_programming|nonlinear_convex|metaheuristics|multiobjective|game_theory_or|inventory_supply_chain|queuing_simulation|graph_or|cutting_packing|ml_or_hybrid,crossref,https://doi.org/10.1177/003754970107600201,7.653
14,Pymoo: Multi-Objective Optimization in Python,2020,2116,Julian Blank; Kalyanmoy Deb,IEEE Access,10.1109/access.2020.2990567,combinatorial_optimization|stochastic_or|dynamic_programming|nonlinear_convex|metaheuristics|multiobjective|inventory_supply_chain|queuing_simulation,crossref,https://doi.org/10.1109/access.2020.2990567,7.505
15,PlatEMO: A MATLAB Platform for Evolutionary Multi-Objective Optimization [Educational Forum],2017,2644,Ye Tian; Ran Cheng; Xingyi Zhang; Yaochu Jin,IEEE Computational Intelligence Magazine,10.1109/mci.2017.2742868,combinatorial_optimization|stochastic_or|dynamic_programming|nonlinear_convex|metaheuristics|multiobjective|game_theory_or|inventory_supply_chain|queuing_simulation|ml_or_hybrid,crossref,https://doi.org/10.1109/mci.2017.2742868,7.498
16,Optimization Approaches for the Traveling Salesman Problem with Drone,2018,909,Niels Agatz; Paul Bouman; Marie Schmidt,Transportation Science,10.1287/trsc.2017.0791,tsp_routing|inventory_supply_chain|constraint_programming|cutting_packing,crossref,https://doi.org/10.1287/trsc.2017.0791,7.461
17,Decoding by Linear Programming,2005,5425,E.J. Candes; T. Tao,IEEE Transactions on Information Theory,10.1109/tit.2005.858979,linear_programming|integer_programming|stochastic_or|dynamic_programming|nonlinear_convex|multiobjective|game_theory_or|queuing_simulation|constraint_programming|or_foundations_survey,crossref,https://doi.org/10.1109/tit.2005.858979,7.380
18,Survey of multi-objective optimization methods for engineering,2004,3822,R.T. Marler; J.S. Arora,Structural and Multidisciplinary Optimization,10.1007/s00158-003-0368-6,combinatorial_optimization|stochastic_or|nonlinear_convex|metaheuristics|multiobjective|game_theory_or|inventory_supply_chain|queuing_simulation|or_foundations_survey,crossref,https://doi.org/10.1007/s00158-003-0368-6,7.358
19,A slacks-based measure of efficiency in data envelopment analysis,2001,5120,Kaoru Tone,European Journal of Operational Research,10.1016/s0377-2217(99)00407-5,constraint_programming,crossref,https://doi.org/10.1016/s0377-2217(99)00407-5,7.293
20,Reinforcement learning for combinatorial optimization: A survey,2021,613,Nina Mazyavkina; Sergey Sviridov; Sergei Ivanov; Evgeny Burnaev,Computers &amp; Operations Research,10.1016/j.cor.2021.105400,game_theory_or|or_foundations_survey,crossref,https://doi.org/10.1016/j.cor.2021.105400,7.258
21,How to make a decision: The analytic hierarchy process,1990,7219,Thomas L. Saaty,European Journal of Operational Research,10.1016/0377-2217(90)90057-i,dynamic_programming,crossref,https://doi.org/10.1016/0377-2217(90)90057-i,7.174
22,Dynamic programming algorithm optimization for spoken word recognition,1978,5218,H. Sakoe; S. Chiba,"IEEE Transactions on Acoustics, Speech, and Signal Processing",10.1109/tassp.1978.1163055,linear_programming|integer_programming|combinatorial_optimization|network_flows|stochastic_or|dynamic_programming|nonlinear_convex|metaheuristics|multiobjective|game_theory_or|inventory_supply_chain|queuing_simulation|constraint_programming|graph_or|cutting_packing|ml_or_hybrid|or_foundations_survey,crossref,https://doi.org/10.1109/tassp.1978.1163055,7.162
23,Future paths for integer programming and links to artificial intelligence,1986,3049,Fred Glover,Computers &amp; Operations Research,10.1016/0305-0548(86)90048-1,linear_programming|integer_programming|stochastic_or|dynamic_programming|nonlinear_convex|multiobjective|constraint_programming,crossref,https://doi.org/10.1016/0305-0548(86)90048-1,7.137
24,The Benders decomposition algorithm: A literature review,2017,801,Ragheb Rahmaniani; Teodor Gabriel Crainic; Michel Gendreau; Walter Rei,European Journal of Operational Research,10.1016/j.ejor.2016.12.005,column_generation_decomp,crossref,https://doi.org/10.1016/j.ejor.2016.12.005,7.135
25,An Adaptive Large Neighborhood Search Heuristic for the Pickup and Delivery Problem with Time Windows,2006,2207,Stefan Ropke; David Pisinger,Transportation Science,10.1287/trsc.1050.0135,tsp_routing|metaheuristics|inventory_supply_chain|constraint_programming|graph_or|cutting_packing,crossref,https://doi.org/10.1287/trsc.1050.0135,7.124
26,Muiltiobjective Optimization Using Nondominated Sorting in Genetic Algorithms,1994,5686,N. Srinivas; Kalyanmoy Deb,Evolutionary Computation,10.1162/evco.1994.2.3.221,combinatorial_optimization|stochastic_or|dynamic_programming|nonlinear_convex|metaheuristics|multiobjective|game_theory_or|inventory_supply_chain|queuing_simulation|ml_or_hybrid,crossref,https://doi.org/10.1162/evco.1994.2.3.221,7.117
27,An analysis of approximations for maximizing submodular set functions—I,1978,3005,G. L. Nemhauser; L. A. Wolsey; M. L. Fisher,Mathematical Programming,10.1007/bf01588971,linear_programming|integer_programming|combinatorial_optimization|stochastic_or|dynamic_programming|nonlinear_convex|multiobjective|constraint_programming,crossref,https://doi.org/10.1007/bf01588971,7.073
28,Proximal alternating linearized minimization for nonconvex and nonsmooth problems,2014,1316,Jérôme Bolte; Shoham Sabach; Marc Teboulle,Mathematical Programming,10.1007/s10107-013-0701-9,integer_programming|nonlinear_convex|multiobjective|constraint_programming,crossref,https://doi.org/10.1007/s10107-013-0701-9,7.053
29,Solving two-stage robust optimization problems using a column-and-constraint generation method,2013,1672,Bo Zeng; Long Zhao,Operations Research Letters,10.1016/j.orl.2013.05.003,constraint_programming,crossref,https://doi.org/10.1016/j.orl.2013.05.003,7.044
30,Exact Matrix Completion via Convex Optimization,2009,3436,Emmanuel J. Candès; Benjamin Recht,Foundations of Computational Mathematics,10.1007/s10208-009-9045-5,combinatorial_optimization|stochastic_or|nonlinear_convex|metaheuristics|multiobjective|inventory_supply_chain|queuing_simulation,crossref,https://doi.org/10.1007/s10208-009-9045-5,7.030
31,Algorithms for the Vehicle Routing and Scheduling Problems with Time Window Constraints,1987,3376,Marius M. Solomon,Operations Research,10.1287/opre.35.2.254,tsp_routing|scheduling|or_foundations_survey,crossref,https://doi.org/10.1287/opre.35.2.254,7.021
32,The flying sidekick traveling salesman problem: Optimization of drone-assisted parcel delivery,2015,1554,Chase C. Murray; Amanda G. Chu,Transportation Research Part C: Emerging Technologies,10.1016/j.trc.2015.03.005,tsp_routing,crossref,https://doi.org/10.1016/j.trc.2015.03.005,7.021
33,A survey on routing protocols for wireless sensor networks,2005,2351,Kemal Akkaya; Mohamed Younis,Ad Hoc Networks,10.1016/j.adhoc.2003.09.010,tsp_routing,crossref,https://doi.org/10.1016/j.adhoc.2003.09.010,6.953
34,Distributionally Robust Convex Optimization,2014,813,Wolfram Wiesemann; Daniel Kuhn; Melvyn Sim,Operations Research,10.1287/opre.2014.1314,stochastic_or,crossref,https://doi.org/10.1287/opre.2014.1314,6.922
35,Variable neighborhood search,1997,3494,N. Mladenović; P. Hansen,Computers &amp; Operations Research,10.1016/s0305-0548(97)00031-2,metaheuristics,crossref,https://doi.org/10.1016/s0305-0548(97)00031-2,6.896
36,Multi-objective optimization using genetic algorithms: A tutorial,2006,2835,Abdullah Konak; David W. Coit; Alice E. Smith,Reliability Engineering &amp; System Safety,10.1016/j.ress.2005.11.018,combinatorial_optimization|stochastic_or|nonlinear_convex|metaheuristics|multiobjective|inventory_supply_chain|queuing_simulation,crossref,https://doi.org/10.1016/j.ress.2005.11.018,6.881
37,Robust Convex Optimization,1998,1996,A. Ben-Tal; A. Nemirovski,Mathematics of Operations Research,10.1287/moor.23.4.769,combinatorial_optimization,crossref,https://doi.org/10.1287/moor.23.4.769,6.833
38,Ant colony system: a cooperative learning approach to the traveling salesman problem,1997,6045,M. Dorigo; L.M. Gambardella,IEEE Transactions on Evolutionary Computation,10.1109/4235.585892,tsp_routing|inventory_supply_chain|constraint_programming|graph_or|cutting_packing|ml_or_hybrid,crossref,https://doi.org/10.1109/4235.585892,6.810
39,"Convergence of descent methods for semi-algebraic and tame problems: proximal algorithms, forward–backward splitting, and regularized Gauss–Seidel methods",2013,1148,Hedy Attouch; Jérôme Bolte; Benar Fux Svaiter,Mathematical Programming,10.1007/s10107-011-0484-9,integer_programming|nonlinear_convex|constraint_programming,crossref,https://doi.org/10.1007/s10107-011-0484-9,6.798
40,A Comprehensive Review on NSGA-II for Multi-Objective Combinatorial Optimization Problems,2021,925,Shanu Verma; Millie Pant; Vaclav Snasel,IEEE Access,10.1109/access.2021.3070634,metaheuristics|game_theory_or,crossref,https://doi.org/10.1109/access.2021.3070634,6.795
41,qpOASES: a parametric active-set algorithm for quadratic programming,2014,1137,Hans Joachim Ferreau; Christian Kirches; Andreas Potschka; Hans Georg Bock; Moritz Diehl,Mathematical Programming Computation,10.1007/s12532-014-0071-1,nonlinear_convex|constraint_programming,crossref,https://doi.org/10.1007/s12532-014-0071-1,6.781
42,Smooth minimization of non-smooth functions,2005,1580,Yu. Nesterov,Mathematical Programming,10.1007/s10107-004-0552-5,integer_programming|stochastic_or|nonlinear_convex|multiobjective|constraint_programming,crossref,https://doi.org/10.1007/s10107-004-0552-5,6.764
43,Coordinate descent algorithms,2015,1119,Stephen J. Wright,Mathematical Programming,10.1007/s10107-015-0892-3,nonlinear_convex,crossref,https://doi.org/10.1007/s10107-015-0892-3,6.764
44,On the Douglas—Rachford splitting method and the proximal point algorithm for maximal monotone operators,1992,2170,Jonathan Eckstein; Dimitri P. Bertsekas,Mathematical Programming,10.1007/bf01581204,linear_programming|integer_programming|stochastic_or|dynamic_programming|nonlinear_convex|multiobjective|constraint_programming,crossref,https://doi.org/10.1007/bf01581204,6.728
45,The method of moving asymptotes—a new method for structural optimization,1987,4900,Krister Svanberg,International Journal for Numerical Methods in Engineering,10.1002/nme.1620240207,combinatorial_optimization|stochastic_or|dynamic_programming|nonlinear_convex|metaheuristics|multiobjective|game_theory_or|inventory_supply_chain|queuing_simulation|ml_or_hybrid,crossref,https://doi.org/10.1002/nme.1620240207,6.728
46,Information Distortion in a Supply Chain: The Bullwhip Effect,1997,3238,Hau L. Lee; V. Padmanabhan; Seungjin Whang,Management Science,10.1287/mnsc.43.4.546,inventory_supply_chain,crossref,https://doi.org/10.1287/mnsc.43.4.546,6.725
47,Centrality and network flow,2005,2721,Stephen P. Borgatti,Social Networks,10.1016/j.socnet.2004.11.008,network_flows,crossref,https://doi.org/10.1016/j.socnet.2004.11.008,6.706
48,Adaptive Dynamic Programming for Control: A Survey and Recent Advances,2021,672,Derong Liu; Shan Xue; Bo Zhao; Biao Luo; Qinglai Wei,"IEEE Transactions on Systems, Man, and Cybernetics: Systems",10.1109/tsmc.2020.3042876,linear_programming|integer_programming|stochastic_or|nonlinear_convex|multiobjective|constraint_programming,crossref,https://doi.org/10.1109/tsmc.2020.3042876,6.688
49,Normal-Boundary Intersection: A New Method for Generating the Pareto Surface in Nonlinear Multicriteria Optimization Problems,1998,2284,Indraneel Das; J. E. Dennis,SIAM Journal on Optimization,10.1137/s1052623496307510,combinatorial_optimization|nonlinear_convex|metaheuristics|multiobjective,crossref,https://doi.org/10.1137/s1052623496307510,6.684
50,Branch-and-Price: Column Generation for Solving Huge Integer Programs,1998,1519,Cynthia Barnhart; Ellis L. Johnson; George L. Nemhauser; Martin W. P. Savelsbergh; Pamela H. Vance,Operations Research,10.1287/opre.46.3.316,integer_programming,crossref,https://doi.org/10.1287/opre.46.3.316,6.651
51,Optimal Auction Design,1981,4106,Roger B. Myerson,Mathematics of Operations Research,10.1287/moor.6.1.58,game_theory_or,crossref,https://doi.org/10.1287/moor.6.1.58,6.633
52,Machine learning at the service of meta-heuristics for solving combinatorial optimization problems: A state-of-the-art,2022,415,Maryam Karimi-Mamaghan; Mehrdad Mohammadi; Patrick Meyer; Amir Mohammad Karimi-Mamaghan; El-Ghazali Talbi,European Journal of Operational Research,10.1016/j.ejor.2021.04.032,game_theory_or,crossref,https://doi.org/10.1016/j.ejor.2021.04.032,6.611
53,A trust region method based on interior point techniques for nonlinear programming,2000,1302,Richard H. Byrd; Jean Charles Gilbert; Jorge Nocedal,Mathematical Programming,10.1007/pl00011391,integer_programming|nonlinear_convex|multiobjective|constraint_programming,crossref,https://doi.org/10.1007/pl00011391,6.608
54,Metaheuristics in combinatorial optimization,2003,2694,Christian Blum; Andrea Roli,ACM Computing Surveys,10.1145/937503.937505,combinatorial_optimization|stochastic_or|nonlinear_convex|metaheuristics|multiobjective|game_theory_or|inventory_supply_chain,crossref,https://doi.org/10.1145/937503.937505,6.603
55,Multiobjective evolutionary algorithms: a comparative case study and the strength Pareto approach,1999,7222,E. Zitzler; L. Thiele,IEEE Transactions on Evolutionary Computation,10.1109/4235.797969,multiobjective,crossref,https://doi.org/10.1109/4235.797969,6.600
56,Robust discrete optimization and network flows,2003,1469,Dimitris Bertsimas; Melvyn Sim,Mathematical Programming,10.1007/s10107-003-0396-4,integer_programming|nonlinear_convex|multiobjective|constraint_programming,crossref,https://doi.org/10.1007/s10107-003-0396-4,6.554
57,Tabu Search—Part I,1989,4967,Fred Glover,ORSA Journal on Computing,10.1287/ijoc.1.3.190,metaheuristics,crossref,https://doi.org/10.1287/ijoc.1.3.190,6.541
58,Semidefinite Programming,1996,3275,Lieven Vandenberghe; Stephen Boyd,SIAM Review,10.1137/1038003,linear_programming|integer_programming|stochastic_or|dynamic_programming|nonlinear_convex|multiobjective|constraint_programming|or_foundations_survey,crossref,https://doi.org/10.1137/1038003,6.533
59,A survey of job shop scheduling problem: The types and models,2022,256,Hegen Xiong; Shuangyuan Shi; Danni Ren; Jinjin Hu,Computers &amp; Operations Research,10.1016/j.cor.2022.105731,or_foundations_survey,crossref,https://doi.org/10.1016/j.cor.2022.105731,6.532
60,The vehicle routing problem: State of the art classification and review,2016,1044,Kris Braekers; Katrien Ramaekers; Inneke Van Nieuwenhuyse,Computers &amp; Industrial Engineering,10.1016/j.cie.2015.12.007,tsp_routing|inventory_supply_chain|constraint_programming|cutting_packing,crossref,https://doi.org/10.1016/j.cie.2015.12.007,6.531
61,An Effective Heuristic Algorithm for the Traveling-Salesman Problem,1973,2837,S. Lin; B. W. Kernighan,Operations Research,10.1287/opre.21.2.498,tsp_routing|inventory_supply_chain|constraint_programming|graph_or|cutting_packing,crossref,https://doi.org/10.1287/opre.21.2.498,6.529
62,"Orienteering Problem: A survey of recent variants, solution approaches and applications",2016,583,Aldy Gunawan; Hoong Chuin Lau; Pieter Vansteenwegen,European Journal of Operational Research,10.1016/j.ejor.2016.04.059,tsp_routing,crossref,https://doi.org/10.1016/j.ejor.2016.04.059,6.528
63,"Finite-dimensional variational inequality and nonlinear complementarity problems: A survey of theory, algorithms and applications",1990,1425,Patrick T. Harker; Jong-Shi Pang,Mathematical Programming,10.1007/bf01582255,integer_programming|nonlinear_convex|multiobjective|constraint_programming,crossref,https://doi.org/10.1007/bf01582255,6.523
64,Data-driven robust optimization,2018,465,Dimitris Bertsimas; Vishal Gupta; Nathan Kallus,Mathematical Programming,10.1007/s10107-017-1125-8,integer_programming|nonlinear_convex|multiobjective|constraint_programming,crossref,https://doi.org/10.1007/s10107-017-1125-8,6.521
65,Adjustable robust solutions of uncertain linear programs,2004,1313,A. Ben-Tal; A. Goryashko; E. Guslitzer; A. Nemirovski,Mathematical Programming,10.1007/s10107-003-0454-y,integer_programming|nonlinear_convex|multiobjective|constraint_programming,crossref,https://doi.org/10.1007/s10107-003-0454-y,6.514
66,A survey of healthcare facility location,2017,445,Amir Ahmadi-Javid; Pardis Seyedi; Siddhartha S. Syam,Computers &amp; Operations Research,10.1016/j.cor.2016.05.018,or_foundations_survey,crossref,https://doi.org/10.1016/j.cor.2016.05.018,6.511
67,An Interior Point Algorithm for Large-Scale Nonlinear Programming,1999,1396,Richard H. Byrd; Mary E. Hribar; Jorge Nocedal,SIAM Journal on Optimization,10.1137/s1052623497325107,integer_programming|nonlinear_convex|multiobjective|constraint_programming,crossref,https://doi.org/10.1137/s1052623497325107,6.504
68,The Lagrangian Relaxation Method for Solving Integer Programming Problems,1981,1519,Marshall L. Fisher,Management Science,10.1287/mnsc.27.1.1,integer_programming|stochastic_or|nonlinear_convex|multiobjective|constraint_programming,crossref,https://doi.org/10.1287/mnsc.27.1.1,6.496
69,Robust solutions of Linear Programming problems contaminated with uncertain data,2000,1311,Aharon Ben-Tal; Arkadi Nemirovski,Mathematical Programming,10.1007/pl00011380,integer_programming|nonlinear_convex|multiobjective|constraint_programming,crossref,https://doi.org/10.1007/pl00011380,6.493
70,An adaptive large neighborhood search metaheuristic for the vehicle routing problem with drones,2019,526,David Sacramento; David Pisinger; Stefan Ropke,Transportation Research Part C: Emerging Technologies,10.1016/j.trc.2019.02.018,tsp_routing,crossref,https://doi.org/10.1016/j.trc.2019.02.018,6.477
71,Robust Stochastic Approximation Approach to Stochastic Programming,2009,1138,A. Nemirovski; A. Juditsky; G. Lan; A. Shapiro,SIAM Journal on Optimization,10.1137/070704277,nonlinear_convex|constraint_programming,crossref,https://doi.org/10.1137/070704277,6.476
72,Comparison of Multiobjective Evolutionary Algorithms: Empirical Results,2000,4714,Eckart Zitzler; Kalyanmoy Deb; Lothar Thiele,Evolutionary Computation,10.1162/106365600568202,multiobjective,crossref,https://doi.org/10.1162/106365600568202,6.469
73,Pyomo: modeling and solving mathematical programs in Python,2011,1064,William E. Hart; Jean-Paul Watson; David L. Woodruff,Mathematical Programming Computation,10.1007/s12532-011-0026-8,nonlinear_convex,crossref,https://doi.org/10.1007/s12532-011-0026-8,6.456
74,The multiple flying sidekicks traveling salesman problem: Parcel delivery with multiple drones,2020,519,Chase C. Murray; Ritwik Raj,Transportation Research Part C: Emerging Technologies,10.1016/j.trc.2019.11.003,tsp_routing,crossref,https://doi.org/10.1016/j.trc.2019.11.003,6.449
75,Second-order cone programming,2003,1158,F. Alizadeh; D. Goldfarb,Mathematical Programming,10.1007/s10107-002-0339-5,integer_programming|nonlinear_convex|constraint_programming,crossref,https://doi.org/10.1007/s10107-002-0339-5,6.429
76,"SDPT3 — A Matlab software package for semidefinite programming, Version 1.3",1999,1493,K. C. Toh; M. J. Todd; R. H. Tütüncü,Optimization Methods and Software,10.1080/10556789908805762,integer_programming|nonlinear_convex|multiobjective|constraint_programming,crossref,https://doi.org/10.1080/10556789908805762,6.429
77,Semidefinite programming relaxations for semialgebraic problems,2003,1148,Pablo A. Parrilo,Mathematical Programming,10.1007/s10107-003-0387-5,integer_programming|nonlinear_convex|constraint_programming,crossref,https://doi.org/10.1007/s10107-003-0387-5,6.423
78,"Design of Density Functionals by Combining the Method of Constraint Satisfaction with Parametrization for Thermochemistry, Thermochemical Kinetics, and Noncovalent Interactions",2006,3592,Yan Zhao; Nathan E. Schultz; Donald G. Truhlar,Journal of Chemical Theory and Computation,10.1021/ct0502763,constraint_programming,crossref,https://doi.org/10.1021/ct0502763,6.419
79,"Multiobjective Optimization Problems With Complicated Pareto Sets, MOEA/D and NSGA-II",2009,2290,Hui Li; Qingfu Zhang,IEEE Transactions on Evolutionary Computation,10.1109/tevc.2008.925798,combinatorial_optimization|nonlinear_convex|metaheuristics|multiobjective,crossref,https://doi.org/10.1109/tevc.2008.925798,6.415
80,A polyhedral branch-and-cut approach to global optimization,2005,1061,Mohit Tawarmalani; Nikolaos V. Sahinidis,Mathematical Programming,10.1007/s10107-005-0581-8,nonlinear_convex,crossref,https://doi.org/10.1007/s10107-005-0581-8,6.404
81,Branch-and-Bound Methods: A Survey,1966,1328,E. L. Lawler; D. E. Wood,Operations Research,10.1287/opre.14.4.699,or_foundations_survey,crossref,https://doi.org/10.1287/opre.14.4.699,6.388
82,Efficiency decomposition in two-stage data envelopment analysis: An application to non-life insurance companies in Taiwan,2008,1162,Chiang Kao; Shiuh-Nan Hwang,European Journal of Operational Research,10.1016/j.ejor.2006.11.041,column_generation_decomp,crossref,https://doi.org/10.1016/j.ejor.2006.11.041,6.361
83,Vehicle routing problem with drones,2019,519,Zheng Wang; Jiuh-Biing Sheu,Transportation Research Part B: Methodological,10.1016/j.trb.2019.03.005,tsp_routing,crossref,https://doi.org/10.1016/j.trb.2019.03.005,6.346
84,Technical Note—Convex Programming with Set-Inclusive Constraints and Applications to Inexact Linear Programming,1973,1682,A. L. Soyster,Operations Research,10.1287/opre.21.5.1154,integer_programming|stochastic_or|nonlinear_convex|multiobjective|constraint_programming,crossref,https://doi.org/10.1287/opre.21.5.1154,6.333
85,An improved typology of cutting and packing problems,2007,1190,Gerhard Wäscher; Heike Haußner; Holger Schumann,European Journal of Operational Research,10.1016/j.ejor.2005.12.047,integer_programming,crossref,https://doi.org/10.1016/j.ejor.2005.12.047,6.331
86,Thermodynamical approach to the traveling salesman problem: An efficient simulation algorithm,1985,2489,V. Černý,Journal of Optimization Theory and Applications,10.1007/bf00940812,combinatorial_optimization|tsp_routing|nonlinear_convex|metaheuristics|multiobjective|inventory_supply_chain|queuing_simulation|constraint_programming|graph_or|cutting_packing,crossref,https://doi.org/10.1007/bf00940812,6.310
87,Synchronization in Vehicle Routing—A Survey of VRPs with Multiple Synchronization Constraints,2012,445,Michael Drexl,Transportation Science,10.1287/trsc.1110.0400,or_foundations_survey,crossref,https://doi.org/10.1287/trsc.1110.0400,6.301
88,On the min-cost Traveling Salesman Problem with Drone,2018,551,Quang Minh Ha; Yves Deville; Quang Dung Pham; Minh Hoàng Hà,Transportation Research Part C: Emerging Technologies,10.1016/j.trc.2017.11.015,tsp_routing,crossref,https://doi.org/10.1016/j.trc.2017.11.015,6.300
89,Selected Topics in Column Generation,2005,797,Marco E. Lübbecke; Jacques Desrosiers,Operations Research,10.1287/opre.1050.0234,column_generation_decomp,crossref,https://doi.org/10.1287/opre.1050.0234,6.294
90,Variable neighborhood search: Principles and applications,2001,1544,Pierre Hansen; Nenad Mladenović,European Journal of Operational Research,10.1016/s0377-2217(00)00100-4,metaheuristics,crossref,https://doi.org/10.1016/s0377-2217(00)00100-4,6.276
91,The electric vehicle routing problem with nonlinear charging function,2017,570,Alejandro Montoya; Christelle Guéret; Jorge E. Mendoza; Juan G. Villegas,Transportation Research Part B: Methodological,10.1016/j.trb.2017.02.004,tsp_routing,crossref,https://doi.org/10.1016/j.trb.2017.02.004,6.241
92,Collaborative vehicle routing: A survey,2018,288,Margaretha Gansterer; Richard F. Hartl,European Journal of Operational Research,10.1016/j.ejor.2017.10.023,or_foundations_survey,crossref,https://doi.org/10.1016/j.ejor.2017.10.023,6.239
93,Computability of global solutions to factorable nonconvex programs: Part I — Convex underestimating problems,1976,1917,Garth P. McCormick,Mathematical Programming,10.1007/bf01580665,integer_programming|stochastic_or|nonlinear_convex|multiobjective|constraint_programming,crossref,https://doi.org/10.1007/bf01580665,6.209
94,Minimizing finite sums with the stochastic average gradient,2017,446,Mark Schmidt; Nicolas Le Roux; Francis Bach,Mathematical Programming,10.1007/s10107-016-1030-6,nonlinear_convex|multiobjective|constraint_programming,crossref,https://doi.org/10.1007/s10107-016-1030-6,6.203
95,Benchmarks for basic scheduling problems,1993,1897,E. Taillard,European Journal of Operational Research,10.1016/0377-2217(93)90182-m,scheduling,crossref,https://doi.org/10.1016/0377-2217(93)90182-m,6.185
96,Robust optimization ? methodology and applications,2002,1063,Aharon Ben-Tal; Arkadi Nemirovski,Mathematical Programming,10.1007/s101070100286,nonlinear_convex,crossref,https://doi.org/10.1007/s101070100286,6.175
97,A nonsmooth version of Newton's method,1993,1199,Liqun Qi; Jie Sun,Mathematical Programming,10.1007/bf01581275,integer_programming|nonlinear_convex|multiobjective|constraint_programming,crossref,https://doi.org/10.1007/bf01581275,6.126
98,Partial recharge strategies for the electric vehicle routing problem with time windows,2016,544,Merve Keskin; Bülent Çatay,Transportation Research Part C: Emerging Technologies,10.1016/j.trc.2016.01.013,tsp_routing,crossref,https://doi.org/10.1016/j.trc.2016.01.013,6.124
99,Adaptive Distributionally Robust Optimization,2019,296,Dimitris Bertsimas; Melvyn Sim; Meilin Zhang,Management Science,10.1287/mnsc.2017.2952,stochastic_or,crossref,https://doi.org/10.1287/mnsc.2017.2952,6.118
100,An outer-approximation algorithm for a class of mixed-integer nonlinear programs,1986,1212,Marco A. Duran; Ignacio E. Grossmann,Mathematical Programming,10.1007/bf02592064,integer_programming|nonlinear_convex|multiobjective|constraint_programming,crossref,https://doi.org/10.1007/bf02592064,6.115
101,Vehicle Routing Problems for Drone Delivery,2017,1161,Kevin Dorling; Jordan Heinrichs; Geoffrey G. Messier; Sebastian Magierowski,"IEEE Transactions on Systems, Man, and Cybernetics: Systems",10.1109/tsmc.2016.2582745,tsp_routing,crossref,https://doi.org/10.1109/tsmc.2016.2582745,6.114
102,Theory and Applications of Robust Optimization,2011,1990,Dimitris Bertsimas; David B. Brown; Constantine Caramanis,SIAM Review,10.1137/080734510,combinatorial_optimization,crossref,https://doi.org/10.1137/080734510,6.071
103,Computation of phase equilibria by linear programming: A tool for geodynamic modeling and its application to subduction zone decarbonation,2005,1966,J.A.D. Connolly,Earth and Planetary Science Letters,10.1016/j.epsl.2005.04.033,integer_programming|stochastic_or|nonlinear_convex|multiobjective|constraint_programming,crossref,https://doi.org/10.1016/j.epsl.2005.04.033,6.067
104,Non-convex mixed-integer nonlinear programming: A survey,2012,324,Samuel Burer; Adam N. Letchford,Surveys in Operations Research and Management Science,10.1016/j.sorms.2012.08.001,or_foundations_survey,crossref,https://doi.org/10.1016/j.sorms.2012.08.001,6.062
105,GPOPS-II,2014,1056,Michael A. Patterson; Anil V. Rao,ACM Transactions on Mathematical Software,10.1145/2558904,nonlinear_convex,crossref,https://doi.org/10.1145/2558904,6.044
106,A survey on two-echelon routing problems,2015,342,R. Cuda; G. Guastaroba; M.G. Speranza,Computers &amp; Operations Research,10.1016/j.cor.2014.06.008,or_foundations_survey,crossref,https://doi.org/10.1016/j.cor.2014.06.008,6.038
107,A Survey of Machine Scheduling Problems with Blocking and No-Wait in Process,1996,689,Nicholas G. Hall; Chelliah Sriskandarajah,Operations Research,10.1287/opre.44.3.510,or_foundations_survey,crossref,https://doi.org/10.1287/opre.44.3.510,6.033
108,Improved approximation algorithms for maximum cut and satisfiability problems using semidefinite programming,1995,2448,Michel X. Goemans; David P. Williamson,Journal of the ACM,10.1145/227683.227684,linear_programming|integer_programming|stochastic_or|dynamic_programming|nonlinear_convex|multiobjective|constraint_programming,crossref,https://doi.org/10.1145/227683.227684,6.033
109,A Greedy Heuristic for the Set-Covering Problem,1979,1904,V. Chvatal,Mathematics of Operations Research,10.1287/moor.4.3.233,tsp_routing|inventory_supply_chain,crossref,https://doi.org/10.1287/moor.4.3.233,6.006
110,A Linear Programming Approach to the Cutting-Stock Problem,1961,1322,P. C. Gilmore; R. E. Gomory,Operations Research,10.1287/opre.9.6.849,cutting_packing,crossref,https://doi.org/10.1287/opre.9.6.849,5.991
111,Automated generation of heuristics for biological sequence comparison,2005,2682,Guy St C Slater; Ewan Birney,BMC Bioinformatics,10.1186/1471-2105-6-31,column_generation_decomp,crossref,https://doi.org/10.1186/1471-2105-6-31,5.965
112,Robust structural identification via polyhedral template matching,2016,1071,Peter Mahler Larsen; Søren Schmidt; Jakob Schiøtz,Modelling and Simulation in Materials Science and Engineering,10.1088/0965-0393/24/5/055007,queuing_simulation,crossref,https://doi.org/10.1088/0965-0393/24/5/055007,5.961
113,The Complexity of Flowshop and Jobshop Scheduling,1976,2136,M. R. Garey; D. S. Johnson; Ravi Sethi,Mathematics of Operations Research,10.1287/moor.1.2.117,scheduling,crossref,https://doi.org/10.1287/moor.1.2.117,5.955
114,Reinforcement learning and adaptive dynamic programming for feedback control,2009,1418,Frank L. Lewis; Draguna Vrabie,IEEE Circuits and Systems Magazine,10.1109/mcas.2009.933854,integer_programming|nonlinear_convex|multiobjective|constraint_programming,crossref,https://doi.org/10.1109/mcas.2009.933854,5.946
115,Tabu Search—Part II,1990,2750,Fred Glover,ORSA Journal on Computing,10.1287/ijoc.2.1.4,metaheuristics|multiobjective,crossref,https://doi.org/10.1287/ijoc.2.1.4,5.945
116,Rule based energy management strategy for a series–parallel plug-in hybrid electric bus optimized by dynamic programming,2017,686,Jiankun Peng; Hongwen He; Rui Xiong,Applied Energy,10.1016/j.apenergy.2015.12.031,linear_programming|integer_programming|stochastic_or|nonlinear_convex|multiobjective|constraint_programming,crossref,https://doi.org/10.1016/j.apenergy.2015.12.031,5.940
117,"Phase recovery, MaxCut and complex semidefinite programming",2015,403,Irène Waldspurger; Alexandre d’Aspremont; Stéphane Mallat,Mathematical Programming,10.1007/s10107-013-0738-9,nonlinear_convex,crossref,https://doi.org/10.1007/s10107-013-0738-9,5.936
118,Restart procedures for the conjugate gradient method,1977,1354,M. J. D. Powell,Mathematical Programming,10.1007/bf01593790,integer_programming|nonlinear_convex|multiobjective|constraint_programming,crossref,https://doi.org/10.1007/bf01593790,5.930
119,A Computationally Efficient Mixed-Integer Linear Formulation for the Thermal Unit Commitment Problem,2006,1491,M. Carrion; J.M. Arroyo,IEEE Transactions on Power Systems,10.1109/tpwrs.2006.876672,integer_programming|tsp_routing,crossref,https://doi.org/10.1109/tpwrs.2006.876672,5.926
120,A new polynomial-time algorithm for linear programming,1984,2919,N. Karmarkar,Combinatorica,10.1007/bf02579150,linear_programming|integer_programming|stochastic_or|dynamic_programming|nonlinear_convex|multiobjective|constraint_programming,crossref,https://doi.org/10.1007/bf02579150,5.902
121,Industrial aspects and literature survey: Combined inventory management and routing,2010,389,Henrik Andersson; Arild Hoff; Marielle Christiansen; Geir Hasle; Arne Løkketangen,Computers &amp; Operations Research,10.1016/j.cor.2009.11.009,or_foundations_survey,crossref,https://doi.org/10.1016/j.cor.2009.11.009,5.860
122,Ising machines as hardware solvers of combinatorial optimization problems,2022,526,Naeimeh Mohseni; Peter L. McMahon; Tim Byrnes,Nature Reviews Physics,10.1038/s42254-022-00440-8,game_theory_or,crossref,https://doi.org/10.1038/s42254-022-00440-8,5.852
123,Incorporating chemical modification constraints into a dynamic programming algorithm for prediction of RNA secondary structure,2004,1439,David H. Mathews; Matthew D. Disney; Jessica L. Childs; Susan J. Schroeder; Michael Zuker; Douglas H. Turner,Proceedings of the National Academy of Sciences,10.1073/pnas.0401799101,integer_programming|nonlinear_convex|multiobjective|constraint_programming,crossref,https://doi.org/10.1073/pnas.0401799101,5.848
124,Effective implementation of the ε-constraint method in Multi-Objective Mathematical Programming problems,2009,1220,George Mavrotas,Applied Mathematics and Computation,10.1016/j.amc.2009.03.037,integer_programming|nonlinear_convex|multiobjective|constraint_programming,crossref,https://doi.org/10.1016/j.amc.2009.03.037,5.836
125,A Survey of Scheduling Rules,1977,948,S. S. Panwalkar; Wafik Iskander,Operations Research,10.1287/opre.25.1.45,or_foundations_survey,crossref,https://doi.org/10.1287/opre.25.1.45,5.821
126,Operations Research in Healthcare: a survey,2011,293,Abdur Rais; Ana Viana,International Transactions in Operational Research,10.1111/j.1475-3995.2010.00767.x,or_foundations_survey,crossref,https://doi.org/10.1111/j.1475-3995.2010.00767.x,5.818
127,Lattice basis reduction: Improved practical algorithms and solving subset sum problems,1994,1025,C. P. Schnorr; M. Euchner,Mathematical Programming,10.1007/bf01581144,nonlinear_convex,crossref,https://doi.org/10.1007/bf01581144,5.807
128,Combinatorial Auctions: A Survey,2003,626,Sven de Vries; Rakesh V. Vohra,INFORMS Journal on Computing,10.1287/ijoc.15.3.284.16077,game_theory_or,crossref,https://doi.org/10.1287/ijoc.15.3.284.16077,5.804
129,Applications of second-order cone programming,1998,1893,Miguel Sousa Lobo; Lieven Vandenberghe; Stephen Boyd; Hervé Lebret,Linear Algebra and its Applications,10.1016/s0024-3795(98)10032-0,integer_programming|stochastic_or|nonlinear_convex|multiobjective|constraint_programming,crossref,https://doi.org/10.1016/s0024-3795(98)10032-0,5.788
130,Fuzzy programming and linear programming with several objective functions,1978,2787,H.-J. Zimmermann,Fuzzy Sets and Systems,10.1016/0165-0114(78)90031-3,linear_programming|integer_programming|stochastic_or|dynamic_programming|nonlinear_convex|multiobjective|constraint_programming,crossref,https://doi.org/10.1016/0165-0114(78)90031-3,5.776
131,Multi-stage stochastic optimization applied to energy planning,1991,1070,M. V. F. Pereira; L. M. V. G. Pinto,Mathematical Programming,10.1007/bf01582895,nonlinear_convex,crossref,https://doi.org/10.1007/bf01582895,5.769
132,Introductory Lectures on Convex Optimization,2004,2131,Yurii Nesterov,Applied Optimization,10.1007/978-1-4419-8853-9,nonlinear_convex,crossref,https://doi.org/10.1007/978-1-4419-8853-9,5.761
133,Tabu Search,1997,2963,Fred Glover; Manuel Laguna,,10.1007/978-1-4615-6089-0,metaheuristics,crossref,https://doi.org/10.1007/978-1-4615-6089-0,5.736
134,A survey of adaptive large neighborhood search algorithms and applications,2022,123,Setyo Tri Windras Mara; Rachmadi Norcahyo; Panca Jodiawan; Luluk Lusiantoro; Achmad Pratama Rifai,Computers &amp; Operations Research,10.1016/j.cor.2022.105903,or_foundations_survey,crossref,https://doi.org/10.1016/j.cor.2022.105903,5.733
135,A survey and annotated bibliography of multiobjective combinatorial optimization,2000,527,Matthias Ehrgott; Xavier Gandibleux,OR Spectrum,10.1007/s002910000046,game_theory_or,crossref,https://doi.org/10.1007/s002910000046,5.716
136,A survey on networking games in telecommunications,2006,388,E. Altman; T. Boulogne; R. El-Azouzi; T. Jiménez; L. Wynter,Computers &amp; Operations Research,10.1016/j.cor.2004.06.005,or_foundations_survey,crossref,https://doi.org/10.1016/j.cor.2004.06.005,5.694
137,Lagrangean relaxation for integer programming,1974,1033,A. M. Geoffrion,Mathematical Programming Studies,10.1007/bfb0120690,integer_programming|or_foundations_survey,crossref,https://doi.org/10.1007/bfb0120690,5.689
138,Technical Note—A Risk-Averse Newsvendor Model Under the CVaR Criterion,2009,310,Youhua (Frank) Chen; Minghui Xu; Zhe George Zhang,Operations Research,10.1287/opre.1080.0603,inventory_supply_chain,crossref,https://doi.org/10.1287/opre.1080.0603,5.660
139,Regret in the Newsvendor Model with Partial Information,2008,324,Georgia Perakis; Guillaume Roels,Operations Research,10.1287/opre.1070.0486,inventory_supply_chain,crossref,https://doi.org/10.1287/opre.1070.0486,5.652
140,Stability properties of constrained queueing systems and scheduling policies for maximum throughput in multihop radio networks,1992,2135,L. Tassiulas; A. Ephremides,IEEE Transactions on Automatic Control,10.1109/9.182479,scheduling,crossref,https://doi.org/10.1109/9.182479,5.637
141,Industrial aspects and literature survey: Fleet composition and routing,2010,285,Arild Hoff; Henrik Andersson; Marielle Christiansen; Geir Hasle; Arne Løkketangen,Computers &amp; Operations Research,10.1016/j.cor.2010.03.015,or_foundations_survey,crossref,https://doi.org/10.1016/j.cor.2010.03.015,5.632
142,Decomposition Principle for Linear Programs,1960,1612,George B. Dantzig; Philip Wolfe,Operations Research,10.1287/opre.8.1.101,column_generation_decomp,crossref,https://doi.org/10.1287/opre.8.1.101,5.620
143,Operations research in solid waste management: A survey of strategic and tactical issues,2014,222,G. Ghiani; D. Laganà; E. Manni; R. Musmanno; D. Vigo,Computers &amp; Operations Research,10.1016/j.cor.2013.10.006,or_foundations_survey,crossref,https://doi.org/10.1016/j.cor.2013.10.006,5.613
144,Resource-constrained project scheduling: A survey of recent developments,1998,407,Willy Herroelen; Bert De Reyck; Erik Demeulemeester,Computers &amp; Operations Research,10.1016/s0305-0548(97)00055-5,or_foundations_survey,crossref,https://doi.org/10.1016/s0305-0548(97)00055-5,5.611
145,TSPLIB—A Traveling Salesman Problem Library,1991,2021,Gerhard Reinelt,ORSA Journal on Computing,10.1287/ijoc.3.4.376,tsp_routing|inventory_supply_chain|constraint_programming,crossref,https://doi.org/10.1287/ijoc.3.4.376,5.609
146,"Inverse Combinatorial Optimization: A Survey on Problems, Methods, and Results",2004,250,Clemens Heuberger,Journal of Combinatorial Optimization,10.1023/b:joco.0000038914.26975.9b,combinatorial_optimization|metaheuristics|ml_or_hybrid,crossref,https://doi.org/10.1023/b:joco.0000038914.26975.9b,5.600
147,A self-learning genetic algorithm based on reinforcement learning for flexible job-shop scheduling problem,2020,519,Ronghua Chen; Bo Yang; Shi Li; Shilong Wang,Computers &amp; Industrial Engineering,10.1016/j.cie.2020.106778,tsp_routing,crossref,https://doi.org/10.1016/j.cie.2020.106778,5.599
148,Interior Point Methods in Semidefinite Programming with Applications to Combinatorial Optimization,1995,624,Farid Alizadeh,SIAM Journal on Optimization,10.1137/0805002,game_theory_or,crossref,https://doi.org/10.1137/0805002,5.594
149,The Three-Dimensional Bin Packing Problem,2000,517,Silvano Martello; David Pisinger; Daniele Vigo,Operations Research,10.1287/opre.48.2.256.12386,cutting_packing,crossref,https://doi.org/10.1287/opre.48.2.256.12386,5.593
150,Vehicle routing problems over time: a survey,2022,104,A. Mor; M. G. Speranza,Annals of Operations Research,10.1007/s10479-021-04488-0,or_foundations_survey,crossref,https://doi.org/10.1007/s10479-021-04488-0,5.585
151,A new branch-and-cut algorithm for the capacitated vehicle routing problem,2004,418,Jens Lysgaard; Adam N. Letchford; Richard W. Eglese,Mathematical Programming,10.1007/s10107-003-0481-8,integer_programming,crossref,https://doi.org/10.1007/s10107-003-0481-8,5.567
152,A Representation and Economic Interpretation of a Two-Level Programming Problem,1981,1013,José Fortuny-Amat; Bruce McCarl,Journal of the Operational Research Society,10.1057/jors.1981.156,nonlinear_convex,crossref,https://doi.org/10.1057/jors.1981.156,5.565
153,A nonlinear programming algorithm for solving semidefinite programs via low-rank factorization,2003,515,Samuel Burer; Renato D.C. Monteiro,Mathematical Programming,10.1007/s10107-002-0352-8,nonlinear_convex,crossref,https://doi.org/10.1007/s10107-002-0352-8,5.560
154,"Combinatorial optimization of mRNA structure, stability, and translation for RNA-based therapeutics",2022,372,Kathrin Leppek; Gun Woo Byeon; Wipapat Kladwang; Hannah K. Wayment-Steele; Craig H. Kerr; Adele F. Xu; Do Soon Kim; Ved V. Topkar; Christian Choe; Daphna Rothschild; Gerald C. Tiu; Roger Wellington-Oguri,Nature Communications,10.1038/s41467-022-28776-w,game_theory_or,crossref,https://doi.org/10.1038/s41467-022-28776-w,5.544
155,Hybrid metaheuristics in combinatorial optimization: A survey,2011,665,Christian Blum; Jakob Puchinger; Günther R. Raidl; Andrea Roli,Applied Soft Computing,10.1016/j.asoc.2011.02.032,metaheuristics|game_theory_or,crossref,https://doi.org/10.1016/j.asoc.2011.02.032,5.536
156,Logic-based Benders decomposition,2003,473,J.N. Hooker; G. Ottosson,Mathematical Programming,10.1007/s10107-003-0375-9,column_generation_decomp,crossref,https://doi.org/10.1007/s10107-003-0375-9,5.501
157,Survey on blood supply chain management: Models and methods,2019,147,A. Pirabán; W.J. Guerrero; N. Labadie,Computers &amp; Operations Research,10.1016/j.cor.2019.07.014,or_foundations_survey,crossref,https://doi.org/10.1016/j.cor.2019.07.014,5.496
158,"Simple 'neural' optimization networks: An A/D converter, signal decision circuit, and a linear programming circuit",1986,1857,D. Tank; J. Hopfield,IEEE Transactions on Circuits and Systems,10.1109/tcs.1986.1085953,integer_programming|stochastic_or|nonlinear_convex|multiobjective|constraint_programming,crossref,https://doi.org/10.1109/tcs.1986.1085953,5.494
159,Validation of subgradient optimization,1974,1030,Michael Held; Philip Wolfe; Harlan P. Crowder,Mathematical Programming,10.1007/bf01580223,nonlinear_convex,crossref,https://doi.org/10.1007/bf01580223,5.487
160,Quantum steering: a review with focus on semidefinite programming,2017,407,D Cavalcanti; P Skrzypczyk,Reports on Progress in Physics,10.1088/1361-6633/80/2/024001,nonlinear_convex,crossref,https://doi.org/10.1088/1361-6633/80/2/024001,5.470
161,Workload Equity in Vehicle Routing Problems: A Survey and Analysis,2018,134,P. Matl; R. F. Hartl; T. Vidal,Transportation Science,10.1287/trsc.2017.0744,or_foundations_survey,crossref,https://doi.org/10.1287/trsc.2017.0744,5.465
162,The Vehicle Routing Problem,2002,1531,,,10.1137/1.9780898718515,tsp_routing,crossref,https://doi.org/10.1137/1.9780898718515,5.456
163,"A heuristic algorithm for the m-machine, n-job flow-shop sequencing problem",1983,1943,Muhammad Nawaz; E Emory Enscore; Inyong Ham,Omega,10.1016/0305-0483(83)90088-9,tsp_routing|scheduling|inventory_supply_chain|constraint_programming,crossref,https://doi.org/10.1016/0305-0483(83)90088-9,5.390
164,An effective hybrid genetic algorithm and tabu search for flexible job shop scheduling problem,2016,532,Xinyu Li; Liang Gao,International Journal of Production Economics,10.1016/j.ijpe.2016.01.016,tsp_routing,crossref,https://doi.org/10.1016/j.ijpe.2016.01.016,5.376
165,Performance of Decomposition-Based Many-Objective Algorithms Strongly Depends on Pareto Front Shapes,2017,545,Hisao Ishibuchi; Yu Setoguchi; Hiroyuki Masuda; Yusuke Nojima,IEEE Transactions on Evolutionary Computation,10.1109/tevc.2016.2587749,column_generation_decomp,crossref,https://doi.org/10.1109/tevc.2016.2587749,5.355
166,Quantum-inspired evolutionary algorithm for a class of combinatorial optimization,2002,1316,Kuk-Hyun Han; Jong-Hwan Kim,IEEE Transactions on Evolutionary Computation,10.1109/tevc.2002.804320,game_theory_or,crossref,https://doi.org/10.1109/tevc.2002.804320,5.352
167,Large Neighborhood Search,2010,266,David Pisinger; Stefan Ropke,International Series in Operations Research &amp; Management Science,10.1007/978-1-4419-1665-5_13,metaheuristics,crossref,https://doi.org/10.1007/978-1-4419-1665-5_13,5.351
168,A survey on metaheuristics for stochastic combinatorial optimization,2009,582,Leonora Bianchi; Marco Dorigo; Luca Maria Gambardella; Walter J. Gutjahr,Natural Computing,10.1007/s11047-008-9098-4,metaheuristics|game_theory_or,crossref,https://doi.org/10.1007/s11047-008-9098-4,5.338
169,A Faster Strongly Polynomial Minimum Cost Flow Algorithm,1993,306,James B. Orlin,Operations Research,10.1287/opre.41.2.338,network_flows,crossref,https://doi.org/10.1287/opre.41.2.338,5.329
170,Power-efficient combinatorial optimization using intrinsic noise in memristor Hopfield neural networks,2020,374,Fuxi Cai; Suhas Kumar; Thomas Van Vaerenbergh; Xia Sheng; Rui Liu; Can Li; Zhan Liu; Martin Foltin; Shimeng Yu; Qiangfei Xia; J. Joshua Yang; Raymond Beausoleil,Nature Electronics,10.1038/s41928-020-0436-6,game_theory_or,crossref,https://doi.org/10.1038/s41928-020-0436-6,5.320
171,Tabu Search: A Tutorial,1990,815,Fred Glover,Interfaces,10.1287/inte.20.4.74,metaheuristics,crossref,https://doi.org/10.1287/inte.20.4.74,5.315
172,The aircraft runway scheduling problem: A survey,2021,97,Sana Ikli; Catherine Mancel; Marcel Mongeau; Xavier Olive; Emmanuel Rachelson,Computers &amp; Operations Research,10.1016/j.cor.2021.105336,or_foundations_survey,crossref,https://doi.org/10.1016/j.cor.2021.105336,5.311
173,Parallel Branch-and-Branch Algorithms: Survey and Synthesis,1994,248,Bernard Gendron; Teodor Gabriel Crainic,Operations Research,10.1287/opre.42.6.1042,or_foundations_survey,crossref,https://doi.org/10.1287/opre.42.6.1042,5.290
174,Adaptive Dynamic Programming and Adaptive Optimal Output Regulation of Linear Systems,2016,404,Weinan Gao; Zhong-Ping Jiang,IEEE Transactions on Automatic Control,10.1109/tac.2016.2548662,nonlinear_convex,crossref,https://doi.org/10.1109/tac.2016.2548662,5.288
175,Generalized Benders decomposition,1972,1987,A. M. Geoffrion,Journal of Optimization Theory and Applications,10.1007/bf00934810,column_generation_decomp,crossref,https://doi.org/10.1007/bf00934810,5.262
176,The Traveling Salesman Problem: A Survey,1968,365,M. Bellmore; G. L. Nemhauser,Operations Research,10.1287/opre.16.3.538,or_foundations_survey,crossref,https://doi.org/10.1287/opre.16.3.538,5.245
177,Graph neural networks for job shop scheduling problems: A survey,2025,50,Igor G. Smit; Jianan Zhou; Robbert Reijnen; Yaoxin Wu; Jian Chen; Cong Zhang; Zaharah Bukhsh; Yingqian Zhang; Wim Nuijten,Computers &amp; Operations Research,10.1016/j.cor.2024.106914,or_foundations_survey,crossref,https://doi.org/10.1016/j.cor.2024.106914,5.243
178,Feature Article—The Ellipsoid Method: A Survey,1981,359,Robert G. Bland; Donald Goldfarb; Michael J. Todd,Operations Research,10.1287/opre.29.6.1039,or_foundations_survey,crossref,https://doi.org/10.1287/opre.29.6.1039,5.242
179,A survey on benders decomposition applied to fixed-charge network design problems,2005,223,Alysson M. Costa,Computers &amp; Operations Research,10.1016/j.cor.2003.11.012,or_foundations_survey,crossref,https://doi.org/10.1016/j.cor.2003.11.012,5.241
180,A branch-and-cut algorithm for mixed integer bilevel linear optimization problems and its implementation,2020,83,Sahar Tahernejad; Ted K. Ralphs; Scott T. DeNegre,Mathematical Programming Computation,10.1007/s12532-020-00183-6,integer_programming,arxiv+crossref,https://doi.org/10.1007/s12532-020-00183-6,5.226
181,Combinatorial optimization by simulating adiabatic bifurcations in nonlinear Hamiltonian systems,2019,375,Hayato Goto; Kosuke Tatsumura; Alexander R. Dixon,Science Advances,10.1126/sciadv.aav2372,game_theory_or,crossref,https://doi.org/10.1126/sciadv.aav2372,5.225
182,Operations Research and Capacity Expansion Problems: A Survey,1982,342,Hanan Luss,Operations Research,10.1287/opre.30.5.907,or_foundations_survey,crossref,https://doi.org/10.1287/opre.30.5.907,5.224
183,Frameworks and Results in Distributionally Robust Optimization,2022,178,Hamed Rahimian; Sanjay Mehrotra,Open Journal of Mathematical Optimization,10.5802/ojmo.15,stochastic_or,crossref,https://doi.org/10.5802/ojmo.15,5.220
184,Value Iteration Adaptive Dynamic Programming for Optimal Control of Discrete-Time Nonlinear Systems,2016,431,Qinglai Wei; Derong Liu; Hanquan Lin,IEEE Transactions on Cybernetics,10.1109/tcyb.2015.2492242,nonlinear_convex|constraint_programming,crossref,https://doi.org/10.1109/tcyb.2015.2492242,5.169
185,Machine-Learning–Based Column Selection for Column Generation,2021,107,Mouad Morabit; Guy Desaulniers; Andrea Lodi,Transportation Science,10.1287/trsc.2021.1045,column_generation_decomp,crossref,https://doi.org/10.1287/trsc.2021.1045,5.165
186,Generation of fiducial marker dictionaries using Mixed Integer Linear Programming,2016,402,S. Garrido-Jurado; R. Muñoz-Salinas; F.J. Madrid-Cuevas; R. Medina-Carnicer,Pattern Recognition,10.1016/j.patcog.2015.09.023,nonlinear_convex,crossref,https://doi.org/10.1016/j.patcog.2015.09.023,5.154
187,Algorithm 97: Shortest path,1962,2982,Robert W. Floyd,Communications of the ACM,10.1145/367766.368168,network_flows,crossref,https://doi.org/10.1145/367766.368168,5.150
188,GLNS: An effective large neighborhood search heuristic for the Generalized Traveling Salesman Problem,2017,129,Stephen L. Smith; Frank Imeson,Computers &amp; Operations Research,10.1016/j.cor.2017.05.010,metaheuristics,crossref,https://doi.org/10.1016/j.cor.2017.05.010,5.137
189,A Multiple-Criterion Model for Machine Scheduling,2003,329,Kenneth R. Baker; J. Cole Smith,Journal of Scheduling,10.1023/a:1022231419049,scheduling,crossref,https://doi.org/10.1023/a:1022231419049,5.130
190,A hybrid of adaptive large neighborhood search and tabu search for the order-batching problem,2018,116,Ivan Žulj; Sergej Kramer; Michael Schneider,European Journal of Operational Research,10.1016/j.ejor.2017.06.056,metaheuristics,crossref,https://doi.org/10.1016/j.ejor.2017.06.056,5.117
191,A survey of local search methods for graph coloring,2006,176,Philippe Galinier; Alain Hertz,Computers &amp; Operations Research,10.1016/j.cor.2005.07.028,or_foundations_survey,crossref,https://doi.org/10.1016/j.cor.2005.07.028,5.106
192,Online Vehicle Routing With Neural Combinatorial Optimization and Deep Reinforcement Learning,2019,278,James J. Q. Yu; Wen Yu; Jiatao Gu,IEEE Transactions on Intelligent Transportation Systems,10.1109/tits.2019.2909109,game_theory_or,crossref,https://doi.org/10.1109/tits.2019.2909109,5.095
193,Integer Programming,2020,280,Laurence Wolsey,,10.1002/9781119606475,or_foundations_survey,crossref,https://doi.org/10.1002/9781119606475,5.075
194,Constraint-Based Scheduling,2001,328,Philippe Baptiste; Claude Le Pape; Wim Nuijten,International Series in Operations Research &amp; Management Science,10.1007/978-1-4615-1479-4,constraint_programming,crossref,https://doi.org/10.1007/978-1-4615-1479-4,5.072
195,A survey of combinatorial optimization problems in multicast routing,2005,171,Carlos A.S. Oliveira; Panos M. Pardalos,Computers &amp; Operations Research,10.1016/j.cor.2003.12.007,or_foundations_survey,crossref,https://doi.org/10.1016/j.cor.2003.12.007,5.056
196,On Dantzig-Wolfe Decomposition in Integer Programming and ways to Perform Branching in a Branch-and-Price Algorithm,2000,201,François Vanderbeck,Operations Research,10.1287/opre.48.1.111.12453,column_generation_decomp,crossref,https://doi.org/10.1287/opre.48.1.111.12453,5.045
197,Using Constraint Programming and Local Search Methods to Solve Vehicle Routing Problems,1998,823,Paul Shaw,Lecture Notes in Computer Science,10.1007/3-540-49481-2_30,constraint_programming,crossref,https://doi.org/10.1007/3-540-49481-2_30,5.031
198,Scalable Test Problems for Evolutionary Multiobjective Optimization,2005,1312,Kalyanmoy Deb; Lothar Thiele; Marco Laumanns; Eckart Zitzler,Advanced Information and Knowledge Processing,10.1007/1-84628-137-7_6,multiobjective,crossref,https://doi.org/10.1007/1-84628-137-7_6,5.030
199,A survey on kriging-based infill algorithms for multiobjective simulation optimization,2020,76,Sebastian Rojas-Gonzalez; Inneke Van Nieuwenhuyse,Computers &amp; Operations Research,10.1016/j.cor.2019.104869,or_foundations_survey,crossref,https://doi.org/10.1016/j.cor.2019.104869,5.021
200,Handbook of Learning and Approximate Dynamic Programming,2004,526,Jennie Si; Andrew G. Barto; Warren Buckler Powell; Don Wunsch,,10.1109/9780470544785,dynamic_programming,crossref,https://doi.org/10.1109/9780470544785,4.987
201,A Fast Parametric Maximum Flow Algorithm and Applications,1989,416,Giorgio Gallo; Michael D. Grigoriadis; Robert E. Tarjan,SIAM Journal on Computing,10.1137/0218003,network_flows,crossref,https://doi.org/10.1137/0218003,4.977
202,Nonlinear and Mixed-Integer Optimization,1995,827,Christodoulos A. Floudas,,10.1093/oso/9780195100563.001.0001,ml_or_hybrid,crossref,https://doi.org/10.1093/oso/9780195100563.001.0001,4.959
203,A survey of genetic algorithms for solving multi depot vehicle routing problem,2015,250,Sašo Karakatič; Vili Podgorelec,Applied Soft Computing,10.1016/j.asoc.2014.11.005,or_foundations_survey,crossref,https://doi.org/10.1016/j.asoc.2014.11.005,4.944
204,Design and Testing of a Generalized Reduced Gradient Code for Nonlinear Programming,1978,1031,L. S. Lasdon; A. D. Waren; A. Jain; M. Ratner,ACM Transactions on Mathematical Software,10.1145/355769.355773,nonlinear_convex,crossref,https://doi.org/10.1145/355769.355773,4.935
205,Data-driven distributionally robust chance-constrained optimization with Wasserstein metric,2021,79,Ran Ji; Miguel A. Lejeune,Journal of Global Optimization,10.1007/s10898-020-00966-0,stochastic_or,crossref,https://doi.org/10.1007/s10898-020-00966-0,4.904
206,Stochastic Programming Models,2003,246,Andrzej Ruszczyński; Alexander Shapiro,Handbooks in Operations Research and Management Science,10.1016/s0927-0507(03)10001-1,stochastic_or,crossref,https://doi.org/10.1016/s0927-0507(03)10001-1,4.900
207,Distributionally Robust Optimization: A review on theory and applications,2022,123,Fengming Lin; Xiaolei Fang; Zheming Gao,"Numerical Algebra, Control &amp; Optimization",10.3934/naco.2021057,stochastic_or,crossref,https://doi.org/10.3934/naco.2021057,4.883
208,Two-stage stochastic programming in disaster management: A literature survey,2016,75,Emilia Grass; Kathrin Fischer,Surveys in Operations Research and Management Science,10.1016/j.sorms.2016.11.002,or_foundations_survey,crossref,https://doi.org/10.1016/j.sorms.2016.11.002,4.879
209,A memetic algorithm for graph coloring,2010,170,Zhipeng Lü; Jin-Kao Hao,European Journal of Operational Research,10.1016/j.ejor.2009.07.016,graph_or,crossref,https://doi.org/10.1016/j.ejor.2009.07.016,4.873
210,Stochastic Programming,1995,870,András Prékopa,,10.1007/978-94-017-3087-7,stochastic_or,crossref,https://doi.org/10.1007/978-94-017-3087-7,4.873
211,The ellipsoid method and its consequences in combinatorial optimization,1981,1306,M. Grötschel; L. Lovász; A. Schrijver,Combinatorica,10.1007/bf02579273,game_theory_or,crossref,https://doi.org/10.1007/bf02579273,4.872
212,A Survey on the Electric Vehicle Routing Problem: Variants and Solution Approaches,2019,190,Tomislav Erdelić; Tonči Carić,Journal of Advanced Transportation,10.1155/2019/5075671,or_foundations_survey,crossref,https://doi.org/10.1155/2019/5075671,4.859
213,Decomposition with branch-and-cut approaches for two-stage stochastic mixed-integer programming,2006,129,Suvrajeet Sen; Hanif D. Sherali,Mathematical Programming,10.1007/s10107-005-0592-5,integer_programming|ml_or_hybrid,crossref,https://doi.org/10.1007/s10107-005-0592-5,4.858
214,Resource-Constrained Project Scheduling with Time-Resource Tradeoffs: The Nonpreemptive Case,1982,326,F. Brian Talbot,Management Science,10.1287/mnsc.28.10.1197,scheduling,crossref,https://doi.org/10.1287/mnsc.28.10.1197,4.845
215,HEURISTICS FOR INTEGER PROGRAMMING USING SURROGATE CONSTRAINTS,1977,1041,Fred Glover,Decision Sciences,10.1111/j.1540-5915.1977.tb01074.x,nonlinear_convex,crossref,https://doi.org/10.1111/j.1540-5915.1977.tb01074.x,4.799
216,A Minimal Algorithm for the 0-1 Knapsack Problem,1997,183,David Pisinger,Operations Research,10.1287/opre.45.5.758,cutting_packing,crossref,https://doi.org/10.1287/opre.45.5.758,4.798
217,Quantitative Methods in Credit Management: A Survey,1994,139,Eric Rosenberg; Alan Gleit,Operations Research,10.1287/opre.42.4.589,or_foundations_survey,crossref,https://doi.org/10.1287/opre.42.4.589,4.793
218,A Survey of Recent Extended Variants of the Traveling Salesman and Vehicle Routing Problems for Unmanned Aerial Vehicles,2019,152,Ines Khoufi; Anis Laouiti; Cedric Adjih,Drones,10.3390/drones3030066,or_foundations_survey,crossref,https://doi.org/10.3390/drones3030066,4.793
219,Matroid Theory,2011,427,James Oxley,,10.1093/acprof:oso/9780198566946.001.0001,combinatorial_optimization,crossref,https://doi.org/10.1093/acprof:oso/9780198566946.001.0001,4.777
220,Integrating SQP and Branch-and-Bound for Mixed Integer Nonlinear Programming,2001,185,Sven Leyffer,Computational Optimization and Applications,10.1023/a:1011241421041,ml_or_hybrid,crossref,https://doi.org/10.1023/a:1011241421041,4.773
221,A survey of school timetabling research,2014,86,Nelishia Pillay,Annals of Operations Research,10.1007/s10479-013-1321-8,or_foundations_survey,crossref,https://doi.org/10.1007/s10479-013-1321-8,4.767
222,A 20k-Spin Ising Chip to Solve Combinatorial Optimization Problems With CMOS Annealing,2016,285,,IEEE Journal of Solid-State Circuits,10.1109/jssc.2015.2498601,game_theory_or,crossref,https://doi.org/10.1109/jssc.2015.2498601,4.762
223,A finite branch-and-bound algorithm for two-stage stochastic integer programs,2004,162,Shabbir Ahmed; Mohit Tawarmalani; Nikolaos V. Sahinidis,Mathematical Programming,10.1007/s10107-003-0475-6,integer_programming,crossref,https://doi.org/10.1007/s10107-003-0475-6,4.760
224,The value of the stochastic solution in stochastic linear programs with fixed recourse,1982,274,John R. Birge,Mathematical Programming,10.1007/bf01585113,stochastic_or,crossref,https://doi.org/10.1007/bf01585113,4.737
225,"Combinatorial Optimization Problems and Metaheuristics: Review, Challenges, Design, and Development",2021,133,Fernando Peres; Mauro Castelli,Applied Sciences,10.3390/app11146449,metaheuristics,crossref,https://doi.org/10.3390/app11146449,4.733
226,A primal—dual infeasible-interior-point algorithm for linear programming,1993,222,Masakazu Kojima; Nimrod Megiddo; Shinji Mizuno,Mathematical Programming,10.1007/bf01582151,linear_programming,crossref,https://doi.org/10.1007/bf01582151,4.730
227,Learning with Submodular Functions: A Convex Optimization Perspective,2013,161,Francis Bach,Foundations and Trends® in Machine Learning,10.1561/2200000039,combinatorial_optimization,crossref,https://doi.org/10.1561/2200000039,4.726
228,Note: The Newsvendor Model with Endogenous Demand,2001,205,James D. Dana; Nicholas C. Petruzzi,Management Science,10.1287/mnsc.47.11.1488.10252,inventory_supply_chain,crossref,https://doi.org/10.1287/mnsc.47.11.1488.10252,4.723
229,A branch-and-cut method for 0-1 mixed convex programming,1999,219,Robert A. Stubbs; Sanjay Mehrotra,Mathematical Programming,10.1007/s101070050103,integer_programming,crossref,https://doi.org/10.1007/s101070050103,4.720
230,A Branch and Bound Algorithm for a Class of Biobjective Mixed Integer Programs,2014,93,Thomas Stidsen; Kim Allan Andersen; Bernd Dammann,Management Science,10.1287/mnsc.2013.1802,ml_or_hybrid,crossref,https://doi.org/10.1287/mnsc.2013.1802,4.716
231,A Primal-Dual Interior Point Algorithm for Linear Programming,1989,235,Masakazu Kojima; Shinji Mizuno; Akiko Yoshise,Progress in Mathematical Programming,10.1007/978-1-4613-9617-8_2,linear_programming,crossref,https://doi.org/10.1007/978-1-4613-9617-8_2,4.703
232,Multiple-criteria decision-making in two-sided assembly line balancing: A goal programming and a fuzzy goal programming models,2009,118,Uğur Özcan; Bilal Toklu,Computers &amp; Operations Research,10.1016/j.cor.2008.06.009,multiobjective,crossref,https://doi.org/10.1016/j.cor.2008.06.009,4.691
233,Variable neighborhood search for large offshore wind farm layout optimization,2022,64,Davide Cazzaro; David Pisinger,Computers &amp; Operations Research,10.1016/j.cor.2021.105588,metaheuristics,crossref,https://doi.org/10.1016/j.cor.2021.105588,4.688
234,Dantzig-Wolfe Decomposition for Solving Multistage Stochastic Capacity-Planning Problems,2009,84,Kavinesh J. Singh; Andy B. Philpott; R. Kevin Wood,Operations Research,10.1287/opre.1080.0678,column_generation_decomp,crossref,https://doi.org/10.1287/opre.1080.0678,4.686
235,A purely proactive scheduling procedure for the resource-constrained project scheduling problem with stochastic activity durations,2016,104,Patricio Lamas; Erik Demeulemeester,Journal of Scheduling,10.1007/s10951-015-0423-3,scheduling,crossref,https://doi.org/10.1007/s10951-015-0423-3,4.666
236,Learning to Branch in Mixed Integer Programming,2016,165,Elias Khalil; Pierre Le Bodic; Le Song; George Nemhauser; Bistra Dilkina,Proceedings of the AAAI Conference on Artificial Intelligence,10.1609/aaai.v30i1.10080,ml_or_hybrid,crossref,https://doi.org/10.1609/aaai.v30i1.10080,4.660
237,AN OPTIMIZATION SPIKING NEURAL P SYSTEM FOR APPROXIMATELY SOLVING COMBINATORIAL OPTIMIZATION PROBLEMS,2014,293,GEXIANG ZHANG; HAINA RONG; FERRANTE NERI; MARIO J. PÉREZ-JIMÉNEZ,International Journal of Neural Systems,10.1142/s0129065714400061,ml_or_hybrid,crossref,https://doi.org/10.1142/s0129065714400061,4.656
238,"Survey, Categorization, and Comparison of Recent Tour Scheduling Literature",2004,117,Hesham K. Alfares,Annals of Operations Research,10.1023/b:anor.0000019088.98647.e2,or_foundations_survey,crossref,https://doi.org/10.1023/b:anor.0000019088.98647.e2,4.644
239,Machine scheduling with transportation considerations,2001,218,Chung-Yee Lee; Zhi-Long Chen,Journal of Scheduling,10.1002/1099-1425(200101/02)4:1<3::aid-jos57>3.0.co;2-d,scheduling,crossref,https://doi.org/10.1002/1099-1425(200101/02)4:1<3::aid-jos57>3.0.co;2-d,4.644
240,On Implementing Mehrotra’s Predictor–Corrector Interior-Point Method for Linear Programming,1992,240,Irvin J. Lustig; Roy E. Marsten; David F. Shanno,SIAM Journal on Optimization,10.1137/0802022,linear_programming,crossref,https://doi.org/10.1137/0802022,4.644
241,Robust optimization of intensity modulated proton therapy,2012,332,Wei Liu; Xiaodong Zhang; Yupeng Li; Radhe Mohan,Medical Physics,10.1118/1.3679340,stochastic_or,crossref,https://doi.org/10.1118/1.3679340,4.641
242,Heuristic Algorithms for the Resource-Constrained Project Scheduling Problem: Classification and Computational Analysis,1999,194,Rainer Kolisch; Sönke Hartmann,International Series in Operations Research &amp; Management Science,10.1007/978-1-4615-5533-9_7,scheduling,crossref,https://doi.org/10.1007/978-1-4615-5533-9_7,4.639
243,Adaptive large neighborhood search for the commodity constrained split delivery VRP,2019,59,Wenjuan Gu; Diego Cattaruzza; Maxime Ogier; Frédéric Semet,Computers &amp; Operations Research,10.1016/j.cor.2019.07.019,metaheuristics,crossref,https://doi.org/10.1016/j.cor.2019.07.019,4.631
244,Proactive and reactive strategies for resource-constrained project scheduling with uncertain resource availabilities,2008,159,Olivier Lambrechts; Erik Demeulemeester; Willy Herroelen,Journal of Scheduling,10.1007/s10951-007-0021-0,scheduling,crossref,https://doi.org/10.1007/s10951-007-0021-0,4.630
245,Pareto simulated annealing—a metaheuristic technique for multiple‐objective combinatorial optimization,1998,548,Piotr Czyzżak; Adrezej Jaszkiewicz,Journal of Multi‐Criteria Decision Analysis,10.1002/(sici)1099-1360(199801)7:1<34::aid-mcda161>3.0.co;2-6,game_theory_or,crossref,https://doi.org/10.1002/(sici)1099-1360(199801)7:1<34::aid-mcda161>3.0.co;2-6,4.610
246,A Genetic Algorithm for the Multidimensional Knapsack Problem,1998,650,P.C. Chu; J.E. Beasley,Journal of Heuristics,10.1023/a:1009642405419,cutting_packing,crossref,https://doi.org/10.1023/a:1009642405419,4.604
247,"A survey on the Artificial Bee Colony algorithm variants for binary, integer and mixed integer programming problems",2021,114,Bahriye Akay; Dervis Karaboga; Beyza Gorkemli; Ebubekir Kaya,Applied Soft Computing,10.1016/j.asoc.2021.107351,or_foundations_survey,crossref,https://doi.org/10.1016/j.asoc.2021.107351,4.600
248,Distributionally robust optimization,2025,69,Daniel Kuhn; Soroosh Shafiee; Wolfram Wiesemann,Acta Numerica,10.1017/s0962492924000084,stochastic_or,crossref,https://doi.org/10.1017/s0962492924000084,4.600
249,An improved LNS algorithm for real-time vehicle routing problem with time windows,2012,103,Lianxi Hong,Computers &amp; Operations Research,10.1016/j.cor.2011.03.006,tsp_routing,crossref,https://doi.org/10.1016/j.cor.2011.03.006,4.585
250,The Pseudoflow Algorithm: A New Algorithm for the Maximum-Flow Problem,2008,148,Dorit S. Hochbaum,Operations Research,10.1287/opre.1080.0524,network_flows,crossref,https://doi.org/10.1287/opre.1080.0524,4.579
251,Machine learning augmented branch and bound for mixed integer linear programming,2024,27,Lara Scavuzzo; Karen Aardal; Andrea Lodi; Neil Yorke-Smith,Mathematical Programming,10.1007/s10107-024-02130-y,ml_or_hybrid,crossref,https://doi.org/10.1007/s10107-024-02130-y,4.578
252,New strategies for stochastic resource-constrained project scheduling,2018,80,Salim Rostami; Stefan Creemers; Roel Leus,Journal of Scheduling,10.1007/s10951-016-0505-x,scheduling,crossref,https://doi.org/10.1007/s10951-016-0505-x,4.576
253,Interactive multiple objective optimization: Survey I—continuous case,1991,153,Wan S. Shin; A. Ravindran,Computers &amp; Operations Research,10.1016/0305-0548(91)90046-t,or_foundations_survey,crossref,https://doi.org/10.1016/0305-0548(91)90046-t,4.568
254,A survey of the parallel assembly lines balancing problem,2020,44,Harry Aguilar; Alberto García-Villoria; Rafael Pastor,Computers &amp; Operations Research,10.1016/j.cor.2020.105061,or_foundations_survey,crossref,https://doi.org/10.1016/j.cor.2020.105061,4.564
255,An iterative scheduling technique for resource-constrained project scheduling,1992,211,K.Y. Li; R.J. Willis,European Journal of Operational Research,10.1016/0377-2217(92)90320-9,scheduling,crossref,https://doi.org/10.1016/0377-2217(92)90320-9,4.561
256,Feature Article—Mathematical Models in Farm Planning: A Survey,1987,135,John J. Glen,Operations Research,10.1287/opre.35.5.641,or_foundations_survey,crossref,https://doi.org/10.1287/opre.35.5.641,4.555
257,Safe bounds in linear and mixed-integer linear programming,2004,120,Arnold Neumaier; Oleg Shcherbina,Mathematical Programming,10.1007/s10107-003-0433-3,integer_programming,crossref,https://doi.org/10.1007/s10107-003-0433-3,4.552
258,An improved branch and bound algorithm for mixed integer nonlinear programs,1994,164,Brian Borchers; John E. Mitchell,Computers &amp; Operations Research,10.1016/0305-0548(94)90024-8,ml_or_hybrid,crossref,https://doi.org/10.1016/0305-0548(94)90024-8,4.551
259,A Survey of Network Reliability and Domination Theory,1984,141,Avinash Agrawal; Richard E. Barlow,Operations Research,10.1287/opre.32.3.478,or_foundations_survey,crossref,https://doi.org/10.1287/opre.32.3.478,4.547
260,Three-dimensional bin packing problem with variable bin height,2010,108,Yong Wu; Wenkai Li; Mark Goh; Robert de Souza,European Journal of Operational Research,10.1016/j.ejor.2009.05.040,cutting_packing,crossref,https://doi.org/10.1016/j.ejor.2009.05.040,4.542
261,Adaptive large neighborhood search for mixed integer programming,2022,31,Gregor Hendel,Mathematical Programming Computation,10.1007/s12532-021-00209-7,metaheuristics,crossref,https://doi.org/10.1007/s12532-021-00209-7,4.537
262,OR Practice—A Survey of Practical Applications of Examination Timetabling Algorithms,1986,161,Michael W. Carter,Operations Research,10.1287/opre.34.2.193,or_foundations_survey,crossref,https://doi.org/10.1287/opre.34.2.193,4.533
263,The proactive and reactive resource-constrained project scheduling problem,2019,70,Morteza Davari; Erik Demeulemeester,Journal of Scheduling,10.1007/s10951-017-0553-x,scheduling,crossref,https://doi.org/10.1007/s10951-017-0553-x,4.532
264,A minimal algorithm for the multiple-choice knapsack problem,1995,186,David Pisinger,European Journal of Operational Research,10.1016/0377-2217(95)00015-i,cutting_packing,crossref,https://doi.org/10.1016/0377-2217(95)00015-i,4.531
265,A survey of models and algorithms for winter road maintenance. Part III: Vehicle routing and depot location for spreading,2007,73,Nathalie Perrier; André Langevin; James F. Campbell,Computers &amp; Operations Research,10.1016/j.cor.2005.05.007,or_foundations_survey,crossref,https://doi.org/10.1016/j.cor.2005.05.007,4.516
266,Intersection Cuts—A New Type of Cutting Planes for Integer Programming,1971,229,Egon Balas,Operations Research,10.1287/opre.19.1.19,integer_programming,crossref,https://doi.org/10.1287/opre.19.1.19,4.490
267,Survey of Dynamic Resource-Constrained Reward Collection Problems: Unified Model and Analysis,2024,28,Santiago R. Balseiro; Omar Besbes; Dana Pizarro,Operations Research,10.1287/opre.2023.2441,or_foundations_survey,crossref,https://doi.org/10.1287/opre.2023.2441,4.481
268,On the average number of steps of the simplex method of linear programming,1983,186,Steve Smale,Mathematical Programming,10.1007/bf02591902,linear_programming,crossref,https://doi.org/10.1007/bf02591902,4.478
269,An interior-point Benders based branch-and-cut algorithm for mixed integer programs,2013,61,Joe Naoum-Sawaya; Samir Elhedhli,Annals of Operations Research,10.1007/s10479-010-0806-y,ml_or_hybrid,crossref,https://doi.org/10.1007/s10479-010-0806-y,4.474
270,Experiments in mixed-integer linear programming,1971,221,M. Benichou; J. M. Gauthier; P. Girodet; G. Hentges; G. Ribiere; O. Vincent,Mathematical Programming,10.1007/bf01584074,integer_programming,crossref,https://doi.org/10.1007/bf01584074,4.468
271,An exact algorithm for IP column generation,1996,164,François Vanderbeck; Laurence A. Wolsey,Operations Research Letters,10.1016/0167-6377(96)00033-8,column_generation_decomp,crossref,https://doi.org/10.1016/0167-6377(96)00033-8,4.467
272,A Survey on the Vehicle Routing Problem and Its Variants,2012,201,Suresh Nanda Kumar; Ramasamy Panneerselvam,Intelligent Information Management,10.4236/iim.2012.43010,or_foundations_survey,crossref,https://doi.org/10.4236/iim.2012.43010,4.465
273,A New Linear Programming Approach to the Cutting Stock Problem,1981,154,Harald Dyckhoff,Operations Research,10.1287/opre.29.6.1092,cutting_packing,crossref,https://doi.org/10.1287/opre.29.6.1092,4.459
274,A branch and cut algorithm for nonconvex quadratically constrained quadratic programming,2000,143,Charles Audet; Pierre Hansen; Brigitte Jaumard; Gilles Savard,Mathematical Programming,10.1007/s101079900106,integer_programming,crossref,https://doi.org/10.1007/s101079900106,4.456
275,A Survey of Linear Cost Multicommodity Network Flows,1978,161,Jeff L. Kennington,Operations Research,10.1287/opre.26.2.209,or_foundations_survey,crossref,https://doi.org/10.1287/opre.26.2.209,4.447
276,The two-dimensional bin packing problem with variable bin sizes and costs,2005,134,David Pisinger; Mikkel Sigurd,Discrete Optimization,10.1016/j.disopt.2005.01.002,cutting_packing,crossref,https://doi.org/10.1016/j.disopt.2005.01.002,4.416
277,Resource-constrained multi-project scheduling: benchmark datasets and decoupled scheduling,2020,56,Rob Van Eynde; Mario Vanhoucke,Journal of Scheduling,10.1007/s10951-020-00651-w,scheduling,crossref,https://doi.org/10.1007/s10951-020-00651-w,4.415
278,An iterated local search algorithm for the time-dependent vehicle routing problem with time windows,2008,116,Hideki Hashimoto; Mutsunori Yagiura; Toshihide Ibaraki,Discrete Optimization,10.1016/j.disopt.2007.05.004,tsp_routing,crossref,https://doi.org/10.1016/j.disopt.2007.05.004,4.405
279,A survey on exact algorithms for the maximum flow and minimum‐cost flow problems,2023,21,Oliverio Cruz‐Mejía; Adam N. Letchford,Networks,10.1002/net.22169,network_flows,crossref,https://doi.org/10.1002/net.22169,4.383
280,Column Generation,2005,340,,,10.1007/b135457,column_generation_decomp,crossref,https://doi.org/10.1007/b135457,4.366
281,A generic view of Dantzig–Wolfe decomposition in mixed integer programming,2006,101,François Vanderbeck; Martin W.P. Savelsbergh,Operations Research Letters,10.1016/j.orl.2005.05.009,column_generation_decomp,crossref,https://doi.org/10.1016/j.orl.2005.05.009,4.366
282,A cutting plane algorithm for the one-dimensional cutting stock problem with multiple stock lengths,2002,98,G. Belov; G. Scheithauer,European Journal of Operational Research,10.1016/s0377-2217(02)00125-x,cutting_packing,crossref,https://doi.org/10.1016/s0377-2217(02)00125-x,4.365
283,Feasibility issues in a primal-dual interior-point method for linear programming,1990,132,Irvin J. Lustig,Mathematical Programming,10.1007/bf01588785,linear_programming,crossref,https://doi.org/10.1007/bf01588785,4.350
284,A revised simplex method for linear multiple objective programs,1973,203,J. P. Evans; R. E. Steuer,Mathematical Programming,10.1007/bf01580111,linear_programming,crossref,https://doi.org/10.1007/bf01580111,4.314
285,Steepest-edge simplex algorithms for linear programming,1992,143,John J. Forrest; Donald Goldfarb,Mathematical Programming,10.1007/bf01581089,linear_programming,crossref,https://doi.org/10.1007/bf01581089,4.310
286,On the Robust Single Machine Scheduling Problem,2002,106,Jian Yang; Gang Yu,Journal of Combinatorial Optimization,10.1023/a:1013333232691,ml_or_hybrid,crossref,https://doi.org/10.1023/a:1013333232691,4.298
287,Minimum-cost flow algorithms: an experimental evaluation,2015,68,Péter Kovács,Optimization Methods and Software,10.1080/10556788.2014.895828,network_flows,crossref,https://doi.org/10.1080/10556788.2014.895828,4.283
288,The node‐weighted steiner tree problem,1987,83,Arie Segev,Networks,10.1002/net.3230170102,graph_or,crossref,https://doi.org/10.1002/net.3230170102,4.259
289,Greedy approximations for minimum submodular cover with submodular cost,2010,71,Peng-Jun Wan; Ding-Zhu Du; Panos Pardalos; Weili Wu,Computational Optimization and Applications,10.1007/s10589-009-9269-y,combinatorial_optimization,crossref,https://doi.org/10.1007/s10589-009-9269-y,4.237
290,Coordinating order quantities between the manufacturer and the buyer: A generalized newsvendor model,2004,88,Z.Kevin Weng,European Journal of Operational Research,10.1016/s0377-2217(03)00003-1,inventory_supply_chain,crossref,https://doi.org/10.1016/s0377-2217(03)00003-1,4.218
291,Heuristics for the one-dimensional cutting stock problem with limited multiple stock lengths,2009,71,Kelly Cristina Poldi; Marcos Nereu Arenales,Computers &amp; Operations Research,10.1016/j.cor.2008.07.001,cutting_packing,crossref,https://doi.org/10.1016/j.cor.2008.07.001,4.205
292,"On maximizing a monotone <mml:math xmlns:mml=""http://www.w3.org/1998/Math/MathML"" altimg=""si1.gif"" display=""inline"" overflow=""scroll""><mml:mi>k</mml:mi></mml:math>-submodular function subject to a matroid constraint",2017,46,Shinsaku Sakaue,Discrete Optimization,10.1016/j.disopt.2017.01.003,combinatorial_optimization,crossref,https://doi.org/10.1016/j.disopt.2017.01.003,4.196
293,A Branch and Bound Algorithm for the Knapsack Problem,1967,120,Peter J. Kolesar,Management Science,10.1287/mnsc.13.9.723,cutting_packing,crossref,https://doi.org/10.1287/mnsc.13.9.723,4.195
294,Analysis of Dijkstra’s Algorithm and A* Algorithm in Shortest Path Problem,2020,76,Dian Rachmawati; Lysander Gustin,Journal of Physics: Conference Series,10.1088/1742-6596/1566/1/012061,network_flows,crossref,https://doi.org/10.1088/1742-6596/1566/1/012061,4.181
295,The load-balanced multi-dimensional bin-packing problem,2016,56,Alessio Trivella; David Pisinger,Computers &amp; Operations Research,10.1016/j.cor.2016.04.020,cutting_packing,crossref,https://doi.org/10.1016/j.cor.2016.04.020,4.181
296,Heuristics for the variable sized bin-packing problem,2009,81,Mohamed Haouari; Mehdi Serairi,Computers &amp; Operations Research,10.1016/j.cor.2008.12.016,cutting_packing,crossref,https://doi.org/10.1016/j.cor.2008.12.016,4.179
297,A survey of search directions in interior point methods for linear programming,1991,53,D. den Hertog; C. Roos,Mathematical Programming,10.1007/bf01582902,linear_programming,crossref,https://doi.org/10.1007/bf01582902,4.133
298,Relation between vehicle routing problems: an insertion heuristic for the vehicle routing problem with simultaneous delivery and pick-up applied to the vehicle routing problem with backhauls,2002,51,J Dethloff,Journal of the Operational Research Society,10.1057/palgrave/jors/2601263,tsp_routing|or_foundations_survey,crossref,https://doi.org/10.1057/palgrave/jors/2601263,4.123
299,An exact algorithm for single-machine scheduling without machine idle time,2009,74,Shunji Tanaka; Shuji Fujikuma; Mituhiko Araki,Journal of Scheduling,10.1007/s10951-008-0093-5,scheduling,crossref,https://doi.org/10.1007/s10951-008-0093-5,4.114
300,Memristive Boltzmann machine: A hardware accelerator for combinatorial optimization and deep learning,2016,150,Mahdi Nazm Bojnordi; Engin Ipek,2016 IEEE International Symposium on High Performance Computer Architecture (HPCA),10.1109/hpca.2016.7446049,ml_or_hybrid,crossref,https://doi.org/10.1109/hpca.2016.7446049,4.104
301,A hybrid branch-and-bound approach for exact rational mixed-integer programming,2013,39,William Cook; Thorsten Koch; Daniel E. Steffy; Kati Wolter,Mathematical Programming Computation,10.1007/s12532-013-0055-6,integer_programming|ml_or_hybrid,crossref,https://doi.org/10.1007/s12532-013-0055-6,4.100
302,Δ-stepping: a parallelizable shortest path algorithm,2003,250,U. Meyer; P. Sanders,Journal of Algorithms,10.1016/s0196-6774(03)00076-2,network_flows,crossref,https://doi.org/10.1016/s0196-6774(03)00076-2,4.091
303,Polynomiality of infeasible-interior-point algorithms for linear programming,1994,80,Shinji Mizuno,Mathematical Programming,10.1007/bf01582216,linear_programming,crossref,https://doi.org/10.1007/bf01582216,4.085
304,Neural techniques for combinatorial optimization with applications,1998,102,K. Smith; M. Palaniswami; M. Krishnamoorthy,IEEE Transactions on Neural Networks,10.1109/72.728380,ml_or_hybrid,crossref,https://doi.org/10.1109/72.728380,4.070
305,The Split Delivery Vehicle Routing Problem: A Survey,2008,52,Claudia Archetti; Maria Grazia Speranza,Operations Research/Computer Science Interfaces,10.1007/978-0-387-77778-8_5,tsp_routing|or_foundations_survey,crossref,https://doi.org/10.1007/978-0-387-77778-8_5,4.069
306,Shortest Path Problems with Resource Constraints,2006,307,Stefan Irnich; Guy Desaulniers,Column Generation,10.1007/0-387-25486-2_2,column_generation_decomp,crossref,https://doi.org/10.1007/0-387-25486-2_2,4.069
307,New worst-case results for the bin-packing problem,1994,132,David Simchi-Levi,Naval Research Logistics,10.1002/1520-6750(199406)41:4<579::aid-nav3220410409>3.0.co;2-g,cutting_packing,crossref,https://doi.org/10.1002/1520-6750(199406)41:4<579::aid-nav3220410409>3.0.co;2-g,4.050
308,Combinatorial optimization with use of guided evolutionary simulated annealing,1995,106,P.P.C. Yip; Yoh-Han Pao,IEEE Transactions on Neural Networks,10.1109/72.363466,ml_or_hybrid,crossref,https://doi.org/10.1109/72.363466,4.043
309,An Efficient Implementation of a Scaling Minimum-Cost Flow Algorithm,1997,290,Andrew V Goldberg,Journal of Algorithms,10.1006/jagm.1995.0805,network_flows,crossref,https://doi.org/10.1006/jagm.1995.0805,4.043
310,A Fast and Simple Algorithm for the Maximum Flow Problem,1989,82,R. K. Ahuja; James B. Orlin,Operations Research,10.1287/opre.37.5.748,network_flows,crossref,https://doi.org/10.1287/opre.37.5.748,4.035
311,A 1.488 approximation algorithm for the uncapacitated facility location problem,2013,169,Shi Li,Information and Computation,10.1016/j.ic.2012.01.007,inventory_supply_chain,crossref,https://doi.org/10.1016/j.ic.2012.01.007,4.032
312,Branch-and-Bound for Biobjective Mixed-Integer Linear Programming,2022,17,Nathan Adelgren; Akshay Gupte,INFORMS Journal on Computing,10.1287/ijoc.2021.1092,ml_or_hybrid,crossref,https://doi.org/10.1287/ijoc.2021.1092,4.024
313,CUTGEN1: A problem generator for the standard one-dimensional cutting stock problem,1995,85,T. Gau; G. Wäscher,European Journal of Operational Research,10.1016/0377-2217(95)00023-j,cutting_packing,crossref,https://doi.org/10.1016/0377-2217(95)00023-j,4.020
314,Scenario Reduction With Submodular Optimization,2017,91,Yishen Wang; Yuzong Liu; Daniel S. Kirschen,IEEE Transactions on Power Systems,10.1109/tpwrs.2016.2603448,combinatorial_optimization,crossref,https://doi.org/10.1109/tpwrs.2016.2603448,4.018
315,"Traveling Salesman Problem: an Overview of Applications, Formulations, and Solution Approaches",2010,168,Rajesh Matai; Surya Singh; Murari Lal,"Traveling Salesman Problem, Theory and Applications",10.5772/12909,tsp_routing,crossref,https://doi.org/10.5772/12909,4.015
316,A shortest path algorithm for grid graphs,1977,95,F. O. Hadlock,Networks,10.1002/net.3230070404,network_flows,crossref,https://doi.org/10.1002/net.3230070404,4.007
317,"Probability, Stochastic Processes, and Queueing Theory",1995,292,Randolph Nelson,,10.1007/978-1-4757-2426-4,queuing_simulation,crossref,https://doi.org/10.1007/978-1-4757-2426-4,4.006
318,On the online bin packing problem,2002,239,Steven S. Seiden,Journal of the ACM,10.1145/585265.585269,cutting_packing,crossref,https://doi.org/10.1145/585265.585269,4.003
319,Steiner tree problem with minimum number of Steiner points and bounded edge-length,1999,252,Guo-Hui Lin; Guoliang Xue,Information Processing Letters,10.1016/s0020-0190(98)00201-4,graph_or,crossref,https://doi.org/10.1016/s0020-0190(98)00201-4,3.994
320,Models for the two-dimensional two-stage cutting stock problem with multiple stock size,2013,44,Fabio Furini; Enrico Malaguti,Computers &amp; Operations Research,10.1016/j.cor.2013.02.026,cutting_packing,crossref,https://doi.org/10.1016/j.cor.2013.02.026,3.990
321,Solution approaches for the cutting stock problem with setup cost,2013,44,Azadeh Mobasher; Ali Ekici,Computers &amp; Operations Research,10.1016/j.cor.2012.06.007,cutting_packing,crossref,https://doi.org/10.1016/j.cor.2012.06.007,3.990
322,Random Walks on Polytopes and an Affine Interior Point Method for Linear Programming,2012,33,Ravindran Kannan; Hariharan Narayanan,Mathematics of Operations Research,10.1287/moor.1110.0519,linear_programming,crossref,https://doi.org/10.1287/moor.1110.0519,3.984
323,Robust linear semi-infinite programming duality under uncertainty,2013,51,M. A. Goberna; V. Jeyakumar; G. Li; M. A. López,Mathematical Programming,10.1007/s10107-013-0668-6,linear_programming,crossref,https://doi.org/10.1007/s10107-013-0668-6,3.980
324,Experimental analysis of chaotic neural network models for combinatorial optimization under a unifying framework,2000,84,T. Kwok; K.A. Smith,Neural Networks,10.1016/s0893-6080(00)00047-2,ml_or_hybrid,crossref,https://doi.org/10.1016/s0893-6080(00)00047-2,3.979
325,Reinforcement Learning and Approximate Dynamic Programming for Feedback Control,2012,166,,,10.1002/9781118453988,dynamic_programming,crossref,https://doi.org/10.1002/9781118453988,3.971
326,Stochastic Processes in Queueing Theory,1976,423,A. A. Borovkov,,10.1007/978-1-4612-9866-3,queuing_simulation,crossref,https://doi.org/10.1007/978-1-4612-9866-3,3.967
327,Simultaneous column-and-row generation for large-scale linear programs with column-dependent-rows,2013,50,İbrahim Muter; Ş. İlker Birbil; Kerem Bülbül,Mathematical Programming,10.1007/s10107-012-0561-8,column_generation_decomp,crossref,https://doi.org/10.1007/s10107-012-0561-8,3.965
328,A Review: Machine Learning for Combinatorial Optimization Problems in Energy Areas,2022,43,Xinyi Yang; Ziyi Wang; Hengxi Zhang; Nan Ma; Ning Yang; Hualin Liu; Haifeng Zhang; Lei Yang,Algorithms,10.3390/a15060205,ml_or_hybrid,crossref,https://doi.org/10.3390/a15060205,3.960
329,k-Balanced Center Location problem: A new multi-objective facility location problem,2019,30,Mansoor Davoodi,Computers &amp; Operations Research,10.1016/j.cor.2019.01.009,inventory_supply_chain,crossref,https://doi.org/10.1016/j.cor.2019.01.009,3.959
330,A series of approximation algorithms for the acyclic directed steiner tree problem,1997,88,A. Zelikovsky,Algorithmica,10.1007/bf02523690,graph_or,crossref,https://doi.org/10.1007/bf02523690,3.955
331,bc-opt: a branch-and-cut code for mixed integer programs,1999,51,C&#x000E9;cile Cordier; Hugues Marchand; Richard Laundy; Laurence A. Wolsey,Mathematical Programming,10.1007/s101070050092,integer_programming|ml_or_hybrid,crossref,https://doi.org/10.1007/s101070050092,3.949
332,A unified framework for chaotic neural-network approaches to combinatorial optimization,1999,82,T. Kwok; K.A. Smith,IEEE Transactions on Neural Networks,10.1109/72.774279,ml_or_hybrid,crossref,https://doi.org/10.1109/72.774279,3.944
333,Submodular Function Minimization,2005,57,S. Thomas McCormick,Handbooks in Operations Research and Management Science,10.1016/s0927-0507(05)12007-6,combinatorial_optimization,crossref,https://doi.org/10.1016/s0927-0507(05)12007-6,3.942
334,A comprehensive analysis of the Newsvendor model with unreliable supply,2007,63,Yacine Rekik; Evren Sahin; Yves Dallery,OR Spectrum,10.1007/s00291-005-0025-0,inventory_supply_chain,crossref,https://doi.org/10.1007/s00291-005-0025-0,3.942
335,Location equilibria for a continuous competitive facility location problem under delivered pricing,2014,39,José Fernández; Said Salhi; Boglárka G. -Tóth,Computers &amp; Operations Research,10.1016/j.cor.2013.08.004,inventory_supply_chain,crossref,https://doi.org/10.1016/j.cor.2013.08.004,3.937
336,The cutting stock problem and integer rounding,1985,80,Odile Marcotte,Mathematical Programming,10.1007/bf01582013,integer_programming|cutting_packing,crossref,https://doi.org/10.1007/bf01582013,3.935
337,Submodular Optimization with Routing Constraints,2016,89,Haifeng Zhang; Yevgeniy Vorobeychik,Proceedings of the AAAI Conference on Artificial Intelligence,10.1609/aaai.v30i1.10066,combinatorial_optimization,crossref,https://doi.org/10.1609/aaai.v30i1.10066,3.933
338,A Multi-Exchange Neighborhood for Minimum Makespan Parallel Machine Scheduling Problems,2004,58,Antonio Frangioni; Emiliano Necciari; Maria Grazia Scutellà,Journal of Combinatorial Optimization,10.1023/b:joco.0000031420.05971.29,ml_or_hybrid,crossref,https://doi.org/10.1023/b:joco.0000031420.05971.29,3.931
339,A dynamic-programming-based exact algorithm for general single-machine scheduling with machine idle time,2012,50,Shunji Tanaka; Shuji Fujikuma,Journal of Scheduling,10.1007/s10951-011-0242-0,scheduling,crossref,https://doi.org/10.1007/s10951-011-0242-0,3.929
340,A Fractiles Perspective to the Joint Price/Quantity Newsvendor Model,2006,54,Gal Raz; Evan L. Porteus,Management Science,10.1287/mnsc.1060.0584,inventory_supply_chain,crossref,https://doi.org/10.1287/mnsc.1060.0584,3.929
341,The Steiner tree problem with hop constraints,1999,66,S. Voß,Annals of Operations Research,10.1023/a:1018967121276,graph_or,crossref,https://doi.org/10.1023/a:1018967121276,3.920
342,Duality in generalized linear fractional programming,1983,111,Jean-Pierre Crouzeix; Jacques A. Ferland; Siegfried Schaible,Mathematical Programming,10.1007/bf02591908,linear_programming,crossref,https://doi.org/10.1007/bf02591908,3.918
343,Convexity and the Steiner tree problem,1988,47,J. Scott Provan,Networks,10.1002/net.3230180108,graph_or,crossref,https://doi.org/10.1002/net.3230180108,3.914
344,Metaheuristics for the Vehicle Routing Problem and Its Extensions: A Categorized Bibliography,2008,80,Michel Gendreau; Jean-Yves Potvin; Olli Bräumlaysy; Geir Hasle; Arne Løkketangen,Operations Research/Computer Science Interfaces,10.1007/978-0-387-77778-8_7,tsp_routing,crossref,https://doi.org/10.1007/978-0-387-77778-8_7,3.911
345,Parallel interior-point solver for structured linear programs,2003,58,Jacek Gondzio; Robert Sarkissian,Mathematical Programming,10.1007/s10107-003-0379-5,linear_programming,crossref,https://doi.org/10.1007/s10107-003-0379-5,3.910
346,A graph coloring algorithm for large scheduling problems,1979,363,F.T. Leighton,Journal of Research of the National Bureau of Standards,10.6028/jres.084.024,graph_or,crossref,https://doi.org/10.6028/jres.084.024,3.906
347,Approximate Dynamic Programming for Dynamic Vehicle Routing,2017,27,Marlin Wolf Ulmer,Operations Research/Computer Science Interfaces Series,10.1007/978-3-319-55511-9,dynamic_programming,crossref,https://doi.org/10.1007/978-3-319-55511-9,3.898
348,Optimal solutions for the cutting stock problem,1990,78,Constantine Goulimis,European Journal of Operational Research,10.1016/0377-2217(90)90355-f,cutting_packing,crossref,https://doi.org/10.1016/0377-2217(90)90355-f,3.895
349,Average-weight-controlled bin-oriented heuristics for the one-dimensional bin-packing problem,2011,50,Krzysztof Fleszar; Christoforos Charalambous,European Journal of Operational Research,10.1016/j.ejor.2010.11.004,cutting_packing,crossref,https://doi.org/10.1016/j.ejor.2010.11.004,3.895
350,Batch scheduling in process industries: an application of resource-constrained project scheduling,2000,73,Christoph Schwindt; Norbert Trautmann,OR Spectrum,10.1007/s002910000042,scheduling,crossref,https://doi.org/10.1007/s002910000042,3.885
351,An algorithm for the disjunctively constrained knapsack problem,2012,40,Mhand Hifi; Nabil Otmani,International Journal of Operational Research,10.1504/ijor.2012.044026,cutting_packing,crossref,https://doi.org/10.1504/ijor.2012.044026,3.885
352,An interactive reference point approach for multiobjective mixed-integer programming using branch-and-bound,2000,50,Maria João Alves; João Clı́maco,European Journal of Operational Research,10.1016/s0377-2217(99)00183-6,ml_or_hybrid,crossref,https://doi.org/10.1016/s0377-2217(99)00183-6,3.873
353,Computational results of an interior point algorithm for large scale linear programming,1991,61,N. K. Karmarkar; K. G. Ramakrishnan,Mathematical Programming,10.1007/bf01582905,linear_programming,crossref,https://doi.org/10.1007/bf01582905,3.872
354,An alternative approach for neural network evolution with a genetic algorithm: Crossover by combinatorial optimization,2006,59,Nicolás García-Pedrajas; Domingo Ortiz-Boyer; César Hervás-Martínez,Neural Networks,10.1016/j.neunet.2005.08.014,ml_or_hybrid,crossref,https://doi.org/10.1016/j.neunet.2005.08.014,3.870
355,An exact primal–dual penalty method approach to warmstarting interior-point methods for linear programming,2007,47,Hande Y. Benson; David F. Shanno,Computational Optimization and Applications,10.1007/s10589-007-9048-6,linear_programming,crossref,https://doi.org/10.1007/s10589-007-9048-6,3.856
356,Iterative Dynamic Programming,2019,86,Rein Luus,,10.1201/9781420036022,dynamic_programming,crossref,https://doi.org/10.1201/9781420036022,3.852
357,Polynomial time approximation algorithms for machine scheduling: ten open problems,1999,70,Petra Schuurman; Gerhard J. Woeginger,Journal of Scheduling,10.1002/(sici)1099-1425(199909/10)2:5<203::aid-jos26>3.0.co;2-5,scheduling,crossref,https://doi.org/10.1002/(sici)1099-1425(199909/10)2:5<203::aid-jos26>3.0.co;2-5,3.839
358,Solving symmetric indefinite systems in an interior-point method for linear programming,1993,55,Robert Fourer; Sanjay Mehrotra,Mathematical Programming,10.1007/bf01585158,linear_programming,crossref,https://doi.org/10.1007/bf01585158,3.831
359,An Efficient Algorithm for the 0-1 Knapsack Problem,1976,87,Robert M. Nauss,Management Science,10.1287/mnsc.23.1.27,cutting_packing,crossref,https://doi.org/10.1287/mnsc.23.1.27,3.826
360,Multi-dimensional asymptotically quasi-Toeplitz Markov chains and their application in queueing theory,2006,156,Valentina Klimenok; Alexander Dudin,Queueing Systems,10.1007/s11134-006-0300-z,queuing_simulation,crossref,https://doi.org/10.1007/s11134-006-0300-z,3.822
361,On the finite convergence of interior-point algorithms for linear programming,1992,55,Yinyu Ye,Mathematical Programming,10.1007/bf01581087,linear_programming,crossref,https://doi.org/10.1007/bf01581087,3.818
362,The Period Vehicle Routing Problem and its Extensions,2008,67,Peter M. Francis; Karen R. Smilowitz; Michal Tzur,Operations Research/Computer Science Interfaces,10.1007/978-0-387-77778-8_4,tsp_routing,crossref,https://doi.org/10.1007/978-0-387-77778-8_4,3.799
363,Stabilized column generation,1999,234,Olivier du Merle; Daniel Villeneuve; Jacques Desrosiers; Pierre Hansen,Discrete Mathematics,10.1016/s0012-365x(98)00213-1,column_generation_decomp,crossref,https://doi.org/10.1016/s0012-365x(98)00213-1,3.794
364,Investigation of some branch and bound strategies for the solution of mixed integer linear programs,1973,61,G. Mitra,Mathematical Programming,10.1007/bf01584658,integer_programming|ml_or_hybrid,crossref,https://doi.org/10.1007/bf01584658,3.792
365,Branch and Price for Submodular Bin Packing,2022,0,Liding Xu; Claudia D'Ambrosio; Sonia Haddad Vanier; Emiliano Traversi,arXiv,,cutting_packing,arxiv,http://arxiv.org/abs/2204.00320v2,3.789
366,"A Nested Decomposition Approach to a Three-Stage, Two-Dimensional Cutting-Stock Problem",2001,73,François Vanderbeck,Management Science,10.1287/mnsc.47.6.864.9809,cutting_packing,crossref,https://doi.org/10.1287/mnsc.47.6.864.9809,3.785
367,Solving the Maximum Cardinality Bin Packing Problem with a Weight Annealing-Based Algorithm,2009,39,Kok-Hua Loh; Bruce Golden; Edward Wasil,Operations Research and Cyber-Infrastructure,10.1007/978-0-387-88843-9_8,cutting_packing,crossref,https://doi.org/10.1007/978-0-387-88843-9_8,3.777
368,Mean–variance analysis of the newsvendor model with stockout cost☆,2009,150,J WU; J LI; S WANG; T CHENG,Omega,10.1016/j.omega.2008.02.005,inventory_supply_chain,crossref,https://doi.org/10.1016/j.omega.2008.02.005,3.774
369,A simplex algorithm for piecewise-linear programming I: Derivation and proof,1985,70,Robert Fourer,Mathematical Programming,10.1007/bf01582246,linear_programming,crossref,https://doi.org/10.1007/bf01582246,3.772
370,Chapter 5: The Vehicle Routing Problem with Time Windows,2014,86,Guy Desaulniers; Oli B.G. Madsen; Stefan Ropke,Vehicle Routing,10.1137/1.9781611973594.ch5,tsp_routing|or_foundations_survey,crossref,https://doi.org/10.1137/1.9781611973594.ch5,3.767
371,Erratum to “The Three-Dimensional Bin Packing Problem”: Robot-Packable and Orthogonal Variants of Packing Problems,2005,37,Edgar den Boef; Jan Korst; Silvano Martello; David Pisinger; Daniele Vigo,Operations Research,10.1287/opre.1050.0210,cutting_packing,crossref,https://doi.org/10.1287/opre.1050.0210,3.765
372,1. An Overview of Vehicle Routing Problems,2002,150,Paolo Toth; Daniele Vigo,The Vehicle Routing Problem,10.1137/1.9780898718515.ch1,tsp_routing|or_foundations_survey,crossref,https://doi.org/10.1137/1.9780898718515.ch1,3.765
373,A stabilized structured Dantzig–Wolfe decomposition method,2013,37,Antonio Frangioni; Bernard Gendron,Mathematical Programming,10.1007/s10107-012-0626-8,column_generation_decomp,crossref,https://doi.org/10.1007/s10107-012-0626-8,3.741
374,An exact algorithm for parallel machine scheduling with conflicts,2017,30,Daniel Kowalczyk; Roel Leus,Journal of Scheduling,10.1007/s10951-016-0482-0,scheduling,crossref,https://doi.org/10.1007/s10951-016-0482-0,3.740
375,Parallel Branch-and-Bound Algorithms for General Mixed Integer Programming on the CM-5,1994,56,Jonathan Eckstein,SIAM Journal on Optimization,10.1137/0804046,ml_or_hybrid,crossref,https://doi.org/10.1137/0804046,3.735
376,Elements of Queueing Theory,2003,184,François Baccelli; Pierre Brémaud,,10.1007/978-3-662-11657-9,queuing_simulation,crossref,https://doi.org/10.1007/978-3-662-11657-9,3.730
377,Online Vehicle Routing Problems: A Survey,2008,30,Patrick Jaillet; Michael R. Wagner,Operations Research/Computer Science Interfaces,10.1007/978-0-387-77778-8_10,tsp_routing|or_foundations_survey,crossref,https://doi.org/10.1007/978-0-387-77778-8_10,3.725
378,Finding an interior point in the optimal face of linear programs,1993,56,Sanjay Mehrotra; Yinyu Ye,Mathematical Programming,10.1007/bf01585180,linear_programming,crossref,https://doi.org/10.1007/bf01585180,3.722
379,A column generation approach for solving generation expansion planning problems with high renewable energy penetration,2016,92,Angela Flores-Quiroz; Rodrigo Palma-Behnke; Golbon Zakeri; Rodrigo Moreno,Electric Power Systems Research,10.1016/j.epsr.2016.02.011,column_generation_decomp,crossref,https://doi.org/10.1016/j.epsr.2016.02.011,3.719
380,Optimization for condition-based maintenance with semi-Markov decision process,2005,167,Dongyan Chen; Kishor S. Trivedi,Reliability Engineering &amp; System Safety,10.1016/j.ress.2004.11.001,dynamic_programming,crossref,https://doi.org/10.1016/j.ress.2004.11.001,3.719
381,The Bin‐Packing Problem: A Problem Generator and Some Numerical Experiments with FFD Packing and MTP,1997,58,P. Schwerin; G. Wäscher,International Transactions in Operational Research,10.1111/j.1475-3995.1997.tb00093.x,cutting_packing,crossref,https://doi.org/10.1111/j.1475-3995.1997.tb00093.x,3.682
382,A Closest Benders Cut Selection Scheme for Accelerating the Benders Decomposition Algorithm,2022,13,Kiho Seo; Seulgi Joung; Chungmok Lee; Sungsoo Park,INFORMS Journal on Computing,10.1287/ijoc.2022.1207,column_generation_decomp,crossref,https://doi.org/10.1287/ijoc.2022.1207,3.680
383,Dantzig-Wolfe decomposition for the facility location and production planning problem,2020,17,Tao Wu; Zhongshun Shi; Zhe Liang; Xiaoning Zhang; Canrong Zhang,Computers &amp; Operations Research,10.1016/j.cor.2020.105068,column_generation_decomp,crossref,https://doi.org/10.1016/j.cor.2020.105068,3.673
384,The skiving stock problem as a counterpart of the cutting stock problem,2003,28,E. J. Zak,International Transactions in Operational Research,10.1111/1475-3995.00433,cutting_packing,crossref,https://doi.org/10.1111/1475-3995.00433,3.659
385,The submodular knapsack polytope,2009,33,Alper Atamtürk; Vishnu Narayanan,Discrete Optimization,10.1016/j.disopt.2009.03.002,combinatorial_optimization,crossref,https://doi.org/10.1016/j.disopt.2009.03.002,3.658
386,Scheduling jobs under increasing linear machine maintenance time,2010,44,Dehua Xu; Yunqiang Yin; Hongxing Li,Journal of Scheduling,10.1007/s10951-010-0182-0,scheduling,crossref,https://doi.org/10.1007/s10951-010-0182-0,3.651
387,Multiperiod optimal power flow using Benders decomposition,2000,125,N. Alguacil; A.J. Conejo,IEEE Transactions on Power Systems,10.1109/59.852121,column_generation_decomp,crossref,https://doi.org/10.1109/59.852121,3.646
388,Sustainable energy hub design under uncertainty using Benders decomposition method,2018,71,S. Hemmati; S.F. Ghaderi; M.S. Ghazizadeh,Energy,10.1016/j.energy.2017.11.052,column_generation_decomp,crossref,https://doi.org/10.1016/j.energy.2017.11.052,3.629
389,Benders decomposition: applying Benders decomposition to power systems,2005,123,M. Shahidehopour; Yong Fu,IEEE Power and Energy Magazine,10.1109/mpae.2005.1405865,column_generation_decomp,crossref,https://doi.org/10.1109/mpae.2005.1405865,3.626
390,Preemption in single machine earliness/tardiness scheduling,2007,46,Kerem Bülbül; Philip Kaminsky; Candace Yano,Journal of Scheduling,10.1007/s10951-007-0028-6,scheduling,crossref,https://doi.org/10.1007/s10951-007-0028-6,3.601
391,A Branch-and-Cut algorithm for graph coloring,2006,114,Isabel Méndez-Díaz; Paula Zabala,Discrete Applied Mathematics,10.1016/j.dam.2005.05.022,graph_or,crossref,https://doi.org/10.1016/j.dam.2005.05.022,3.601
392,Hybrid Quantum Benders’ Decomposition For Mixed-integer Linear Programming,2022,42,Zhongqi Zhao; Lei Fan; Zhu Han,2022 IEEE Wireless Communications and Networking Conference (WCNC),10.1109/wcnc51071.2022.9771632,column_generation_decomp,crossref,https://doi.org/10.1109/wcnc51071.2022.9771632,3.590
393,Recent Developments in Dynamic Vehicle Routing Systems,2008,48,Allan Larsen; Oli B.G. Madsen; Marius M. Solomon,Operations Research/Computer Science Interfaces,10.1007/978-0-387-77778-8_9,tsp_routing,crossref,https://doi.org/10.1007/978-0-387-77778-8_9,3.589
394,Optimization and mechanism design,2012,31,Rakesh V. Vohra,Mathematical Programming,10.1007/s10107-012-0559-2,game_theory_or,crossref,https://doi.org/10.1007/s10107-012-0559-2,3.578
395,Applications of Queueing Theory,1982,249,G. F. Newell,,10.1007/978-94-009-5970-5,queuing_simulation,crossref,https://doi.org/10.1007/978-94-009-5970-5,3.557
396,An advanced implementation of the Dantzig—Wolfe decomposition algorithm for linear programming,1981,52,James K. Ho; Etienne Loute,Mathematical Programming,10.1007/bf01589355,column_generation_decomp,crossref,https://doi.org/10.1007/bf01589355,3.553
397,A Canceling Heuristic for the Directed Traveling Salesman Problem,2026,0,Steffen Borgwardt; Zachary Sorenson,arXiv,,tsp_routing,arxiv,http://arxiv.org/abs/2603.26564v1,3.550
398,Optimal Solutions for the Moving Target Vehicle Routing Problem via Branch-and-Price with Relaxed Continuity,2026,0,Anoop Bhat; Geordan Gutow; Zhongqiang Ren; Sivakumar Rathinam; Howie Choset,arXiv,,tsp_routing,arxiv,http://arxiv.org/abs/2603.00663v4,3.550
399,Accelerated greedy algorithms for maximizing submodular set functions,2005,206,Michel Minoux,Lecture Notes in Control and Information Sciences,10.1007/bfb0006528,combinatorial_optimization,crossref,https://doi.org/10.1007/bfb0006528,3.544
400,Routing Military Aircraft With A Constrained Shortest-Path Algorithm,2009,33,Johannes Royset,Military Operations Research,10.5711/morj.14.3.31,network_flows,crossref,https://doi.org/10.5711/morj.14.3.31,3.538
401,Minimum cost flow problem with conflicts,2021,10,Zeynep Şuvak; İ. Kuban Altınel; Necati Aras,Networks,10.1002/net.22021,network_flows,crossref,https://doi.org/10.1002/net.22021,3.537
402,Computation of Convex Hull Prices in Electricity Markets With Non-Convexities Using Dantzig-Wolfe Decomposition,2022,34,Panagiotis Andrianesis; Dimitris Bertsimas; Michael C. Caramanis; William W. Hogan,IEEE Transactions on Power Systems,10.1109/tpwrs.2021.3122000,column_generation_decomp,crossref,https://doi.org/10.1109/tpwrs.2021.3122000,3.536
403,The power of?-points in preemptive single machine scheduling,2002,41,Andreas S. Schulz; Martin Skutella,Journal of Scheduling,10.1002/jos.93,scheduling,crossref,https://doi.org/10.1002/jos.93,3.536
404,"Submodular Functions, Matroids, and Certain Polyhedra",2003,132,Jack Edmonds,Lecture Notes in Computer Science,10.1007/3-540-36478-1_2,combinatorial_optimization,crossref,https://doi.org/10.1007/3-540-36478-1_2,3.502
405,Combinatorial approximation algorithms for the submodular multicut problem in trees with submodular penalties,2022,12,Xiaofei Liu; Weidong Li,Journal of Combinatorial Optimization,10.1007/s10878-020-00568-2,combinatorial_optimization,crossref,https://doi.org/10.1007/s10878-020-00568-2,3.494
406,"Traveling Salesman Problem, Theory and Applications",2010,97,,,10.5772/547,tsp_routing,crossref,https://doi.org/10.5772/547,3.494
407,Solution Structure of Some Inverse Combinatorial Optimization Problems,1999,27,Jianzhong Zhang; Zhongfan Ma,Journal of Combinatorial Optimization,10.1023/a:1009829525096,combinatorial_optimization|metaheuristics|ml_or_hybrid,crossref,https://doi.org/10.1023/a:1009829525096,3.493
408,Linear Programming in a Markov Chain,1962,46,Philip Wolfe; G. B. Dantzig,Operations Research,10.1287/opre.10.5.702,column_generation_decomp,crossref,https://doi.org/10.1287/opre.10.5.702,3.486
409,A tabu search heuristic for the Steiner Tree Problem,1999,34,Michel Gendreau; Jean-Francois Larochelle; Brunilde Sans�,Networks,10.1002/(sici)1097-0037(199909)34:2<162::aid-net9>3.0.co;2-9,graph_or,crossref,https://doi.org/10.1002/(sici)1097-0037(199909)34:2<162::aid-net9>3.0.co;2-9,3.483
410,A Primer in Column Generation,2006,154,Jacques Desrosiers; Marco E. Lübbecke,Column Generation,10.1007/0-387-25486-2_1,column_generation_decomp,crossref,https://doi.org/10.1007/0-387-25486-2_1,3.478
411,Dynamic Programming,2010,94,Moshe Sniedovich,,10.1201/ebk0824740993,dynamic_programming,crossref,https://doi.org/10.1201/ebk0824740993,3.471
412,Genetic Algorithm for Graph Coloring: Exploration of Galinier and Hao's Algorithm,2003,30,Celia A. Glass; Adam Prügel-Bennett,Journal of Combinatorial Optimization,10.1023/a:1027312403532,graph_or,crossref,https://doi.org/10.1023/a:1027312403532,3.465
413,Tabu Search Algorithms for Cyclic Machine Scheduling Problems,2005,28,Peter Brucker; Thomas Kampmeyer,Journal of Scheduling,10.1007/s10951-005-1639-4,scheduling,crossref,https://doi.org/10.1007/s10951-005-1639-4,3.455
414,Distributionally robust chance constrained Markov decision process with Kullback-Leibler divergence,2023,0,Tian Xia; Jia Liu; Abdel Lisser,arXiv,,dynamic_programming,arxiv,http://arxiv.org/abs/2305.02167v2,3.453
415,Inverse scheduling: two-machine flow-shop problem,2011,27,Peter Brucker; Natalia V. Shakhlevich,Journal of Scheduling,10.1007/s10951-010-0168-y,scheduling,crossref,https://doi.org/10.1007/s10951-010-0168-y,3.449
416,Cyclic scheduling in 3-machine robotic flow shops,1999,45,Yves Crama; Joris Van de Klundert,Journal of Scheduling,10.1002/(sici)1099-1425(199901/02)2:1<35::aid-jos15>3.0.co;2-j,scheduling,crossref,https://doi.org/10.1002/(sici)1099-1425(199901/02)2:1<35::aid-jos15>3.0.co;2-j,3.427
417,Approximations for a Bottleneck Steiner Tree Problem,2002,34,Wang; -Z. Du,Algorithmica,10.1007/s00453-001-0089-4,graph_or,crossref,https://doi.org/10.1007/s00453-001-0089-4,3.411
418,The Two-Machine Maximum Flow Time Problem with Series-Parallel Precedence Constraints: An Algorithm and Extensions,1979,34,Clyde L. Monma,Operations Research,10.1287/opre.27.4.792,network_flows,crossref,https://doi.org/10.1287/opre.27.4.792,3.402
419,A Dantzig-Wolfe Decomposition Based Heuristic Scheme for Bi-level Dynamic Network Design Problem,2011,25,Dung-Ying Lin; Ampol Karoonsoontawong; S. Travis Waller,Networks and Spatial Economics,10.1007/s11067-008-9093-4,column_generation_decomp,crossref,https://doi.org/10.1007/s11067-008-9093-4,3.394
420,Benders Decomposition,2011,15,Zeki Caner Taşkin,Wiley Encyclopedia of Operations Research and Management Science,10.1002/9780470400531.eorms0104,column_generation_decomp,crossref,https://doi.org/10.1002/9780470400531.eorms0104,3.393
421,Mixed Integer Linear Programming Solver Using Benders Decomposition Assisted by Neutral Atom Quantum Processor,2024,0,M. Yassine Naghmouchi; Wesley da Silva Coelho,arXiv,10.1103/PhysRevA.110.012434,column_generation_decomp,arxiv,http://arxiv.org/abs/2402.05748v2,3.384
422,Vehicle Routing Problem with Time Windows,2006,117,Brian Kallehauge; Jesper Larsen; Oli B.G. Madsen; Marius M. Solomon,Column Generation,10.1007/0-387-25486-2_3,tsp_routing|column_generation_decomp,crossref,https://doi.org/10.1007/0-387-25486-2_3,3.383
423,Weighted Dantzig–Wolfe Decomposition for Linear Mixed‐integer Programming,1997,17,P. Wentges,International Transactions in Operational Research,10.1111/j.1475-3995.1997.tb00071.x,column_generation_decomp,crossref,https://doi.org/10.1111/j.1475-3995.1997.tb00071.x,3.372
424,Improved Approximations for the Steiner Tree Problem,1994,143,P. Berman; V. Ramaiyer,Journal of Algorithms,10.1006/jagm.1994.1041,graph_or,crossref,https://doi.org/10.1006/jagm.1994.1041,3.372
425,Single-machine common due date total earliness/tardiness scheduling with machine unavailability,2019,19,Kerem Bülbül; Safia Kedad-Sidhoum; Halil Şen,Journal of Scheduling,10.1007/s10951-018-0585-x,scheduling,crossref,https://doi.org/10.1007/s10951-018-0585-x,3.353
426,Resource-constrained machine scheduling with machine eligibility restriction and its applications to surgical operations scheduling,2015,17,Shan Wang; Huiqiao Su; Guohua Wan,Journal of Combinatorial Optimization,10.1007/s10878-015-9860-3,scheduling,crossref,https://doi.org/10.1007/s10878-015-9860-3,3.352
427,An Optimized Floyd Algorithm for the Shortest Path Problem,2010,24,Dachuan Wei,Journal of Networks,10.4304/jnw.5.12.1496-1504,network_flows,crossref,https://doi.org/10.4304/jnw.5.12.1496-1504,3.339
428,Time-varying minimum cost flow problems,2001,26,X. Cai; D. Sha; C.K. Wong,European Journal of Operational Research,10.1016/s0377-2217(00)00059-x,network_flows,crossref,https://doi.org/10.1016/s0377-2217(00)00059-x,3.337
429,Learning to Optimize at Scale: A Benders Decomposition-TransfORmers Framework for Stochastic Combinatorial Optimization,2026,0,Seung Jin Choi; Kimiya Jozani; Josh Cooper; Esra Buyuktahtakin Toy,arXiv,,ml_or_hybrid|column_generation_decomp,arxiv,http://arxiv.org/abs/2607.22550v1,3.330
430,The Improved Dijkstra's Shortest Path Algorithm and Its Application,2012,70,Wang Shu-Xi,Procedia Engineering,10.1016/j.proeng.2012.01.110,network_flows,crossref,https://doi.org/10.1016/j.proeng.2012.01.110,3.328
431,Modified cuckoo optimization algorithm (MCOA) to solve graph coloring problem,2015,59,Shadi Mahmoudi; Shahriar Lotfi,Applied Soft Computing,10.1016/j.asoc.2015.04.020,graph_or,crossref,https://doi.org/10.1016/j.asoc.2015.04.020,3.324
432,A graph coloring algorithm for large scale scheduling problems,1986,33,Vahid Lotfi; Sanjiv Sarin,Computers &amp; Operations Research,10.1016/0305-0548(86)90061-4,graph_or,crossref,https://doi.org/10.1016/0305-0548(86)90061-4,3.317
433,A maximum flow algorithm using MA ordering,2003,24,Satoru Fujishige,Operations Research Letters,10.1016/s0167-6377(02)00237-7,network_flows,crossref,https://doi.org/10.1016/s0167-6377(02)00237-7,3.316
434,Benders decomposition and column-and-row generation for solving large-scale linear programs with column-dependent-rows,2018,14,İbrahim Muter; Ş. İlker Birbil; Kerem Bülbül,European Journal of Operational Research,10.1016/j.ejor.2017.06.044,column_generation_decomp,crossref,https://doi.org/10.1016/j.ejor.2017.06.044,3.312
435,Minimum cost flow with set‐constraints,1982,42,Refael Hassin,Networks,10.1002/net.3230120102,network_flows,crossref,https://doi.org/10.1002/net.3230120102,3.312
436,A polynomial algorithm for minimum quadratic cost flow problems,1984,40,M. Minoux,European Journal of Operational Research,10.1016/0377-2217(84)90160-7,network_flows,crossref,https://doi.org/10.1016/0377-2217(84)90160-7,3.298
437,Logic-based Benders decomposition for an inventory-location problem with service constraints,2015,57,David Wheatley; Fatma Gzara; Elizabeth Jewkes,Omega,10.1016/j.omega.2015.02.001,column_generation_decomp,crossref,https://doi.org/10.1016/j.omega.2015.02.001,3.297
438,"An adaptive, multiple restarts neural network algorithm for graph coloring",1996,27,Arun Jagota,European Journal of Operational Research,10.1016/0377-2217(96)00043-4,graph_or,crossref,https://doi.org/10.1016/0377-2217(96)00043-4,3.294
439,An Exact Method to Minimize the Number of Tardy Jobs in Single Machine Scheduling,2004,27,Stéphane Dauzère-Pérès; Marc Sevaux,Journal of Scheduling,10.1023/b:josh.0000046073.05827.15,scheduling,crossref,https://doi.org/10.1023/b:josh.0000046073.05827.15,3.292
440,Towards shortest path computation using Dijkstra algorithm,2017,50,Neha Makariye,2017 International Conference on IoT and Application (ICIOT),10.1109/iciota.2017.8073641,network_flows,crossref,https://doi.org/10.1109/iciota.2017.8073641,3.292
441,Robust minimum cost flow problem under consistent flow constraints,2022,8,Christina Büsing; Arie M. C. A. Koster; Sabrina Schmitz,Annals of Operations Research,10.1007/s10479-021-04426-0,network_flows,crossref,https://doi.org/10.1007/s10479-021-04426-0,3.287
442,Dantzig-Wolfe decomposition and branch-and-price solving in G12,2011,18,Jakob Puchinger; Peter J. Stuckey; Mark G. Wallace; Sebastian Brand,Constraints,10.1007/s10601-009-9085-0,column_generation_decomp,crossref,https://doi.org/10.1007/s10601-009-9085-0,3.280
443,A cutting plane algorithm for graph coloring,2008,66,Isabel Méndez-Díaz; Paula Zabala,Discrete Applied Mathematics,10.1016/j.dam.2006.07.010,graph_or,crossref,https://doi.org/10.1016/j.dam.2006.07.010,3.273
444,A lower bound for the steiner tree problem in directed graphs,1990,16,Weiguo Liu,Networks,10.1002/net.3230200606,graph_or,crossref,https://doi.org/10.1002/net.3230200606,3.269
445,Prediction-based Resource Allocation using LSTM and Minimum Cost and Maximum Flow Algorithm,2019,42,Gyunam Park; Minseok Song,2019 International Conference on Process Mining (ICPM),10.1109/icpm.2019.00027,network_flows,crossref,https://doi.org/10.1109/icpm.2019.00027,3.263
446,Integrating Schedule Risk Analysis with Multi-Skilled Resource Scheduling to Improve Resource-Constrained Project Scheduling Problems,2021,31,Muritala Adebayo Isah; Byung-Soo Kim,Applied Sciences,10.3390/app11020650,scheduling,crossref,https://doi.org/10.3390/app11020650,3.256
447,Heuristic solutions for general concave minimum cost network flow problems,2007,28,Dalila B.M.M. Fontes; José Fernando Gonçalves,Networks,10.1002/net.20167,network_flows,crossref,https://doi.org/10.1002/net.20167,3.256
448,Vehicle drivetrain design multi-objective optimization,2021,35,Jony Javorski Eckert; Fabio Mazzariol Santiciolli; Ludmila C.A. Silva; Franco Giuseppe Dedini,Mechanism and Machine Theory,10.1016/j.mechmachtheory.2020.104123,game_theory_or,crossref,https://doi.org/10.1016/j.mechmachtheory.2020.104123,3.239
449,A Faster Deterministic Maximum Flow Algorithm,1994,115,V. King; S. Rao; R. Tarjan,Journal of Algorithms,10.1006/jagm.1994.1044,network_flows,crossref,https://doi.org/10.1006/jagm.1994.1044,3.230
450,Capacity inverse minimum cost flow problem,2010,17,Çiğdem Güler; Horst W. Hamacher,Journal of Combinatorial Optimization,10.1007/s10878-008-9159-8,network_flows,crossref,https://doi.org/10.1007/s10878-008-9159-8,3.217
451,Resource‐Constrained Project Scheduling,2008,70,,,10.1002/9780470611227,scheduling,crossref,https://doi.org/10.1002/9780470611227,3.194
452,Minimum Cost Maximum Flow Algorithm for Dynamic Resource Allocation in Clouds,2012,58,Makhlouf Hadji; Djamal Zeghlache,2012 IEEE Fifth International Conference on Cloud Computing,10.1109/cloud.2012.36,network_flows,crossref,https://doi.org/10.1109/cloud.2012.36,3.188
453,A capacity scaling algorithm for the constrained maximum flow problem,1995,23,Ravindra K. Ahuja; James B. Orlin,Networks,10.1002/net.3230250207,network_flows,crossref,https://doi.org/10.1002/net.3230250207,3.180
454,Bounding the Difference between the Values of Robust and Non-Robust Markov Decision Problems,2023,0,Ariel Neufeld; Julian Sester,arXiv,10.1017/jpr.2024.88,dynamic_programming,arxiv,http://arxiv.org/abs/2308.05520v2,3.179
455,Linear programming for finite-horizon vector-valued Markov decision processes,2025,0,Anas Mifrani; Dominikus Noll,arXiv,10.61208/pjo-2025-028,dynamic_programming,arxiv,http://arxiv.org/abs/2502.13697v3,3.171
456,Optimal replacement of a system according toa semi-Markov decision process in a semi-Markov environment,2003,23,Qiying Hu; Wuyi Yue,Optimization Methods and Software,10.1080/1055678031000111803,dynamic_programming,crossref,https://doi.org/10.1080/1055678031000111803,3.168
457,A Turnpike Theorem For A Risk-Sensitive Markov Decision Process with Stopping,2006,21,Eric V. Denardo; Uriel G. Rothblum,SIAM Journal on Control and Optimization,10.1137/s0363012904442616,dynamic_programming,crossref,https://doi.org/10.1137/s0363012904442616,3.159
458,An Efficient Relax-and-Solve Algorithm for the Resource-Constrained Project Scheduling Problem,2022,9,Alireza Etminaniesfahani; Hanyu Gu; Amir Salehipour,Proceedings of the 11th International Conference on Operations Research and Enterprise Systems,10.5220/0010772400003117,scheduling,crossref,https://doi.org/10.5220/0010772400003117,3.141
459,Road maintenance optimization through a discrete-time semi-Markov decision process,2012,54,Xueqing Zhang; Hui Gao,Reliability Engineering &amp; System Safety,10.1016/j.ress.2012.03.011,dynamic_programming,crossref,https://doi.org/10.1016/j.ress.2012.03.011,3.136
460,Optimal due date assignment in multi-machine scheduling environments,2008,19,Dvir Shabtay; George Steiner,Journal of Scheduling,10.1007/s10951-007-0015-y,scheduling,crossref,https://doi.org/10.1007/s10951-007-0015-y,3.131
461,Scheduling for stability in single-machine production systems,2007,23,Roel Leus; Willy Herroelen,Journal of Scheduling,10.1007/s10951-007-0014-z,scheduling,crossref,https://doi.org/10.1007/s10951-007-0014-z,3.121
462,The Steiner Tree Problem,2002,78,Hans Jürgen Prömel; Angelika Steger,Advanced Lectures in Mathematics,10.1007/978-3-322-80291-0,graph_or,crossref,https://doi.org/10.1007/978-3-322-80291-0,3.120
463,Terminal Steiner tree problem : Complexity and Algorithms,2026,0,Jyothish S; Sadagopan Narasimhan,arXiv,,graph_or,arxiv,http://arxiv.org/abs/2606.02325v1,3.100
464,Staff and machine shift scheduling in a German potash mine,2017,15,Marco Schulze; Jürgen Zimmermann,Journal of Scheduling,10.1007/s10951-017-0527-z,scheduling,crossref,https://doi.org/10.1007/s10951-017-0527-z,3.087
465,Real-time queueing theory,2002,99,J.P. Lehoczky,17th IEEE Real-Time Systems Symposium,10.1109/real.1996.563715,queuing_simulation,crossref,https://doi.org/10.1109/real.1996.563715,3.077
466,A faster capacity scaling algorithm for minimum cost submodular flow,2002,17,Lisa Fleischer; Satoru Iwata; S. Thomas McCormick,Mathematical Programming,10.1007/s101070100253,network_flows,crossref,https://doi.org/10.1007/s101070100253,3.074
467,A theory of alternating paths and blossoms for proving correctness of the $$O(\sqrt V E)$$ general graph maximum matching algorithm,1994,90,Vijay V. Vazirani,Combinatorica,10.1007/bf01305952,graph_or,crossref,https://doi.org/10.1007/bf01305952,3.072
468,Reductions for the rectilinear steiner tree problem,1995,13,Pawel Winter,Networks,10.1002/net.3230260404,graph_or,crossref,https://doi.org/10.1002/net.3230260404,3.066
469,Revisiting Branch and Bound Search Strategies for Machine Scheduling Problems,2004,16,V. T'kindt; F. Della Croce; C. Esswein,Journal of Scheduling,10.1023/b:josh.0000046075.73409.7d,scheduling,crossref,https://doi.org/10.1023/b:josh.0000046075.73409.7d,3.064
470,A survey in the resource-constrained project and multi-project scheduling problems,2020,20,Samer Ben Issa; Yiliu Tu,Journal of Project Management,10.5267/j.jpm.2019.11.001,scheduling,crossref,https://doi.org/10.5267/j.jpm.2019.11.001,3.064
471,A specialized network simplex algorithm for the constrained maximum flow problem,2011,11,Cenk Çalışkan,European Journal of Operational Research,10.1016/j.ejor.2010.10.018,network_flows,crossref,https://doi.org/10.1016/j.ejor.2010.10.018,3.059
472,The multi-weighted Steiner tree problem,1991,20,Cees Duin; Ton Volgenant,Annals of Operations Research,10.1007/bf02071982,graph_or,crossref,https://doi.org/10.1007/bf02071982,3.053
473,A Simple Competitive Graph Coloring Algorithm,2000,74,H.A. Kierstead,"Journal of Combinatorial Theory, Series B",10.1006/jctb.1999.1927,graph_or,crossref,https://doi.org/10.1006/jctb.1999.1927,3.044
474,"Almost-Linear Time Algorithms for Incremental Graphs: Cycle Detection, SCCs, $s$-$t$ Shortest Path, and Minimum-Cost Flow",2023,0,Li Chen; Rasmus Kyng; Yang P. Liu; Simon Meierhans; Maximilian Probst Gutenberg,arXiv,,network_flows,arxiv,http://arxiv.org/abs/2311.18295v1,3.042
475,"Knapsack: Connectedness, Path, and Shortest-Path",2023,0,Palash Dey; Sudeshna Kolay; Sipra Singh,arXiv,,network_flows,arxiv,http://arxiv.org/abs/2307.12547v4,3.042
476,An on-line graph coloring algorithm with sublinear performance ratio,1989,92,László Lovász; Michael Saks; W.T. Trotter,Discrete Mathematics,10.1016/0012-365x(89)90096-4,graph_or,crossref,https://doi.org/10.1016/0012-365x(89)90096-4,3.018
477,A simple GAP-canceling algorithm for the generalized maximum flow problem,2009,13,Mateo Restrepo; David P. Williamson,Mathematical Programming,10.1007/s10107-007-0183-8,network_flows,crossref,https://doi.org/10.1007/s10107-007-0183-8,3.012
478,The Impact of Information Structure on Strategic Behavior in Queueing Systems,2021,23,Antonis Economou,Queueing Theory 2,10.1002/9781119755234.ch4,queuing_simulation,crossref,https://doi.org/10.1002/9781119755234.ch4,3.006
479,Another adaptive distributed shortest path algorithm,1991,86,P.A. Humblet,IEEE Transactions on Communications,10.1109/26.87189,network_flows,crossref,https://doi.org/10.1109/26.87189,3.000
480,Deep-Steiner: Learning to Solve the Euclidean Steiner Tree Problem,2022,0,Siqi Wang; Yifan Wang; Guangmo Tong,arXiv,,graph_or,arxiv,http://arxiv.org/abs/2209.09983v1,2.987
481,Query-decision Regression between Shortest Path and Minimum Steiner Tree,2024,0,Guangmo Tong; Peng Zhao; Mina Samizadeh,arXiv,,graph_or,arxiv,http://arxiv.org/abs/2402.02211v1,2.962
482,The Rainbow Steiner Tree Problem,2022,7,Daniele Ferone; Paola Festa; Francesca Guerriero,Computers &amp; Operations Research,10.1016/j.cor.2021.105621,graph_or,crossref,https://doi.org/10.1016/j.cor.2021.105621,2.942
483,Concatenation-Based Greedy Heuristics for the Euclidean Steiner Tree Problem,1999,17,M. Zachariasen; P. Winter,Algorithmica,10.1007/pl00009287,graph_or,crossref,https://doi.org/10.1007/pl00009287,2.915
484,Solving the Steiner Tree Problem with few Terminals,2020,0,Johannes K. Fichte; Markus Hecher; Andre Schidler,arXiv,,graph_or,arxiv,http://arxiv.org/abs/2011.04593v1,2.895
485,On the terminal Steiner tree problem,2002,54,Guohui Lin; Guoliang Xue,Information Processing Letters,10.1016/s0020-0190(02)00227-2,graph_or,crossref,https://doi.org/10.1016/s0020-0190(02)00227-2,2.871
486,A generalized implicit enumeration algorithm for graph coloring,1985,64,Marek Kubale; Boguslaw Jackowski,Communications of the ACM,10.1145/3341.3350,graph_or,crossref,https://doi.org/10.1145/3341.3350,2.867
487,On the Modification of Rouche's Theorem for the Queueing Theory Problems,2001,42,V. Klimenok,Queueing Systems,10.1023/a:1010999928701,queuing_simulation,crossref,https://doi.org/10.1023/a:1010999928701,2.804
488,Inverse problems in queueing theory and Internet probing,2009,27,F. Baccelli; B. Kauffmann; D. Veitch,Queueing Systems,10.1007/s11134-009-9150-9,queuing_simulation,crossref,https://doi.org/10.1007/s11134-009-9150-9,2.667
489,Simulation optimization with mathematical programming representation of discrete event systems,2008,31,Andrea Matta,2008 Winter Simulation Conference,10.1109/wsc.2008.4736215,queuing_simulation,crossref,https://doi.org/10.1109/wsc.2008.4736215,2.620
490,Boundary value problems in queueing theory,1988,39,J. W. Cohen,Queueing Systems,10.1007/bf01189045,queuing_simulation,crossref,https://doi.org/10.1007/bf01189045,2.588
491,Applied Queueing Theory,1966,57,Alec M. Lee,,10.1007/978-1-349-00273-3,queuing_simulation,crossref,https://doi.org/10.1007/978-1-349-00273-3,2.541
492,An Augmented Lagrange Multiplier Based Method for Mixed Integer Discrete Continuous Optimization and its Applications to Mechanical Design,1993,40,B. K. Kannan; Steven N. Kramer,19th Design Automation Conference: Volume 2 — Design Optimization; Geometric Modeling and Tolerance Analysis; Mechanism Synthesis and Analysis; Decomposition and Design Optimization,10.1115/detc1993-0382,game_theory_or,crossref,https://doi.org/10.1115/detc1993-0382,2.538
493,Queueing Theory,2009,26,Lester Lipsky,,10.1007/978-0-387-49706-8,queuing_simulation,crossref,https://doi.org/10.1007/978-0-387-49706-8,2.520
494,Simulation-Based Optimization: An Overview,2015,6,Abhijit Gosavi,Operations Research/Computer Science Interfaces Series,10.1007/978-1-4899-7491-4_3,queuing_simulation,crossref,https://doi.org/10.1007/978-1-4899-7491-4_3,2.493
495,Contributions to the theory of first‐exit times of some compound processes in queueing theory,1999,23,D. Perry; W. Stadje; S. Zacks,Queueing Systems,10.1023/a:1019140616021,queuing_simulation,crossref,https://doi.org/10.1023/a:1019140616021,2.379
496,The asymptotic behavior of queueing systems: Large deviations theory and dominant pole approximation,1996,19,Piet Van Mieghem,Queueing Systems,10.1007/bf01206550,queuing_simulation,crossref,https://doi.org/10.1007/bf01206550,2.221
497,The problem of stability in queueing theory,1989,21,S. T. Rachev,Queueing Systems,10.1007/bf01159470,queuing_simulation,crossref,https://doi.org/10.1007/bf01159470,2.216
498,Optimal multi-unit combinatorial auctions,2013,4,Sujit Gujar; Y. Narahari,Operational Research,10.1007/s12351-011-0116-4,game_theory_or,crossref,https://doi.org/10.1007/s12351-011-0116-4,2.196
499,Reduced systems in Markov chains and their applications in queueing theory,1987,18,Ram Lal; U. Narayan Bhat,Queueing Systems,10.1007/bf01158397,queuing_simulation,crossref,https://doi.org/10.1007/bf01158397,2.107
500,Combinatorial Auctions: Complexity and Algorithms,2011,3,Martin Bichler,Wiley Encyclopedia of Operations Research and Management Science,10.1002/9780470400531.eorms0066,game_theory_or,crossref,https://doi.org/10.1002/9780470400531.eorms0066,2.001
